ni;REGIONAL;MUNICIPIO;ESCOLA
33026386;BAIXADAS LITORANEAS;ARARUAMA;CIEP 253 GUIMARÃES ROSA
33026394;BAIXADAS LITORANEAS;ARARUAMA;CIEP 460 THIOPHYLA BRAGANCA
33026408;BAIXADAS LITORANEAS;ARARUAMA;CIEP 148 PROFESSOR CARLOS ELIO VOGAS DA SILVA
33026432;BAIXADAS LITORANEAS;ARARUAMA;CE EDMUNDO SILVA
33026440;BAIXADAS LITORANEAS;ARARUAMA;CE PROFESSORA CLARICE COELHO MOREIRA CALDAS
33026726;BAIXADAS LITORANEAS;ARARUAMA;CE PROFESSOR FONSECA
33026734;BAIXADAS LITORANEAS;ARARUAMA;CE ANTONIO PINTO DE MORAES
33026874;BAIXADAS LITORANEAS;ARARUAMA;CIEP 384 GONCALVES DIAS
33183759;BAIXADAS LITORANEAS;ARARUAMA;CE SARGENTO PM ANTONIO CARLOS OLIVEIRA DE MOURA
33027820;BAIXADAS LITORANEAS;ARMAÇÃO DOS BÚZIOS;CE JOAO DE OLIVEIRA BOTAS
33027102;BAIXADAS LITORANEAS;ARRAIAL DO CABO;CE VINTE DE JULHO
33027137;BAIXADAS LITORANEAS;ARRAIAL DO CABO;CE ALMIRANTE FREDERICO VILLAR
33027285;BAIXADAS LITORANEAS;CABO FRIO;CIEP 458 HERMES BARCELOS
33027307;BAIXADAS LITORANEAS;CABO FRIO;CIEP 193 WILSON MENDES
33027315;BAIXADAS LITORANEAS;CABO FRIO;CE PROFESSOR RENATO AZEVEDO
33027323;BAIXADAS LITORANEAS;CABO FRIO;CE MIGUEL COUTO
33027420;BAIXADAS LITORANEAS;CABO FRIO;EE ASPINO ROCHA
33027439;BAIXADAS LITORANEAS;CABO FRIO;CE PRAIA DO SIQUEIRA
33027447;BAIXADAS LITORANEAS;CABO FRIO;CE PROFESSOR CORDELINO TEIXEIRA PAULO
33027455;BAIXADAS LITORANEAS;CABO FRIO;IE PROFESSORA ISMAR GOMES DE AZEVEDO
33093687;BAIXADAS LITORANEAS;CABO FRIO;CIEP 357 JOSE DE DOME
33093709;BAIXADAS LITORANEAS;CABO FRIO;CIEP 331 LYSIA BERNARDES
33028583;BAIXADAS LITORANEAS;IGUABA GRANDE;CIEP 457 DOUTOR JOSÉ ELIAS MELLO DOS SANTOS
33028605;BAIXADAS LITORANEAS;IGUABA GRANDE;CE DOUTOR FRANCISCO DE PAULA PARANHOS
33053910;BAIXADAS LITORANEAS;MARICÁ;CE ELISIARIO MATTA
33053952;BAIXADAS LITORANEAS;MARICÁ;CE DOMICIO DA GAMA
33053995;BAIXADAS LITORANEAS;MARICÁ;CE PROFESSORA CACILDA SILVA
33054177;BAIXADAS LITORANEAS;MARICÁ;CE DOUTOR JOAO GOMES DE MATTOS SOBRINHO
33054185;BAIXADAS LITORANEAS;MARICÁ;CE CAIO FRANCISCO DE FIGUEIREDO
33054215;BAIXADAS LITORANEAS;MARICÁ;CE EUCLYDES PAULO DA SILVA
33054339;BAIXADAS LITORANEAS;MARICÁ;CE FRANCISCO JOSE DO NASCIMENTO
33096929;BAIXADAS LITORANEAS;MARICÁ;CIEP 391 PROFESSOR ROBSON MENDONCA LOU
33102414;BAIXADAS LITORANEAS;MARICÁ;CIEP 259 PROFESSORA MARIA DO AMPARO RANGEL DE SOUZA
33183562;BAIXADAS LITORANEAS;MARICÁ;CE PROFESSOR DARCY RIBEIRO
33055467;BAIXADAS LITORANEAS;NITERÓI;CIEP 251 DONA MARIA PORTUGAL - BRASIL-PARAGUAI
33055610;BAIXADAS LITORANEAS;NITERÓI;CE AURELINO LEAL
33055629;BAIXADAS LITORANEAS;NITERÓI;CE BALTAZAR BERNARDINO
33055637;BAIXADAS LITORANEAS;NITERÓI;CE BRIGADEIRO CASTRIOTO - BRASIL-ESPANHA
33055645;BAIXADAS LITORANEAS;NITERÓI;CE CIZINIO SOARES PINTO
33055653;BAIXADAS LITORANEAS;NITERÓI;CE CONSELHEIRO MACEDO SOARES
33055661;BAIXADAS LITORANEAS;NITERÓI;CE DOUTOR LUCIANO PESTRE
33055670;BAIXADAS LITORANEAS;NITERÓI;CE FERNANDO MAGALHAES
33055696;BAIXADAS LITORANEAS;NITERÓI;CE GUILHERME BRIGGS - BRASIL-ESPANHA
33055700;BAIXADAS LITORANEAS;NITERÓI;CE HILARIO RIBEIRO
33055726;BAIXADAS LITORANEAS;NITERÓI;CE JOAQUIM TAVORA
33055734;BAIXADAS LITORANEAS;NITERÓI;CE MACHADO DE ASSIS
33055742;BAIXADAS LITORANEAS;NITERÓI;CE MULLULO DA VEIGA
33055750;BAIXADAS LITORANEAS;NITERÓI;CE PAULO ASSIS RIBEIRO
33055769;BAIXADAS LITORANEAS;NITERÓI;CE RAUL VIDAL
33055785;BAIXADAS LITORANEAS;NITERÓI;CE ZULEIKA RAPOSO VALLADARES
33056358;BAIXADAS LITORANEAS;NITERÓI;CE CONSELHEIRO JOSINO
33056390;BAIXADAS LITORANEAS;NITERÓI;EE DOUTOR MEMORIA
33056404;BAIXADAS LITORANEAS;NITERÓI;CE DUQUE DE CAXIAS
33056420;BAIXADAS LITORANEAS;NITERÓI;EEEE ANNE SULLIVAN
33056439;BAIXADAS LITORANEAS;NITERÓI;CE EMBAIXADOR RAUL FERNANDES
33056471;BAIXADAS LITORANEAS;NITERÓI;CE JOSE BONIFACIO
33056480;BAIXADAS LITORANEAS;NITERÓI;CE LEOPOLDO FROES
33056498;BAIXADAS LITORANEAS;NITERÓI;CE MANUEL DE ABREU
33056501;BAIXADAS LITORANEAS;NITERÓI;CE MARIA PEREIRA DAS NEVES
33056510;BAIXADAS LITORANEAS;NITERÓI;CE MENEZES VIEIRA
33056560;BAIXADAS LITORANEAS;NITERÓI;CE PINTO LIMA
33056579;BAIXADAS LITORANEAS;NITERÓI;EE PROFESSOR ALVARO CAETANO DE OLIVEIRA
33056595;BAIXADAS LITORANEAS;NITERÓI;EE SAO DOMINGOS SAVIO
33057117;BAIXADAS LITORANEAS;NITERÓI;IE PROFESSOR ISMAEL COUTINHO
33057508;BAIXADAS LITORANEAS;NITERÓI;LICEU NILO PECANHA
33057702;BAIXADAS LITORANEAS;NITERÓI;CE PROFESSORA ALCINA RODRIGUES DE LIMA
33057737;BAIXADAS LITORANEAS;NITERÓI;CE ALMIRANTE TAMANDARE
33057745;BAIXADAS LITORANEAS;NITERÓI;CE DOUTOR SOUZA SOARES
33096805;BAIXADAS LITORANEAS;NITERÓI;CIEP 449 GOVERNADOR LEONEL DE MOURA BRIZOLA BRASIL FRANCA
33102490;BAIXADAS LITORANEAS;NITERÓI;CIEP 450 DI CAVALCANTI
33102503;BAIXADAS LITORANEAS;NITERÓI;CE DAVID CAPISTRANO
33102520;BAIXADAS LITORANEAS;NITERÓI;CIEP 307 DJANIRA
33108579;BAIXADAS LITORANEAS;NITERÓI;CIEP 448 RUY FRAZAO SOARES
33172919;BAIXADAS LITORANEAS;NITERÓI;CE MATEMATICO JOAQUIM GOMES DE SOUSA - INTER-CULTURAL BRASIL-CHINA
33044325;BAIXADAS LITORANEAS;RIO BONITO;CE JOSE MATOSO MAIA FORTE
33044333;BAIXADAS LITORANEAS;RIO BONITO;CE DESEMBARGADOR JOSE AUGUSTO COELHO ROCHA JUNIOR
33044368;BAIXADAS LITORANEAS;RIO BONITO;CE ANTONIO LOPES DE CAMPOS FILHO
33044384;BAIXADAS LITORANEAS;RIO BONITO;CE BARAO DO RIO BRANCO
33044473;BAIXADAS LITORANEAS;RIO BONITO;CE PROFESSOR DYRCEU RODRIGUES DA COSTA
33044708;BAIXADAS LITORANEAS;RIO BONITO;CE BERNARDINO DA COSTA LOPES
33091412;BAIXADAS LITORANEAS;RIO BONITO;CE CABO PM RAPHAEL DE OLIVEIRA MONTEIRO
33028087;BAIXADAS LITORANEAS;SÃO PEDRO DA ALDEIA;CIEP 262 CURVELINA DIAS CURVELLO
33028095;BAIXADAS LITORANEAS;SÃO PEDRO DA ALDEIA;CIEP 272 GABRIEL JOAQUIM DOS SANTOS
33028109;BAIXADAS LITORANEAS;SÃO PEDRO DA ALDEIA;CIEP 146 PROFESSOR CORDELINO TEIXEIRA PAULO
33028125;BAIXADAS LITORANEAS;SÃO PEDRO DA ALDEIA;CE ALMIRANTE TAMANDARE
33028133;BAIXADAS LITORANEAS;SÃO PEDRO DA ALDEIA;CE DOUTOR FELICIANO SODRE
33028192;BAIXADAS LITORANEAS;SÃO PEDRO DA ALDEIA;CE JOSE RASCAO
33028540;BAIXADAS LITORANEAS;SÃO PEDRO DA ALDEIA;CE NOBU YAMAGATA
33028702;BAIXADAS LITORANEAS;SAQUAREMA;CIEP 372 PAULO LEMINSKY
33028729;BAIXADAS LITORANEAS;SAQUAREMA;CE OSCAR DE MACEDO SOARES
33028958;BAIXADAS LITORANEAS;SAQUAREMA;CE OLIVEIRA VIANA
33028974;BAIXADAS LITORANEAS;SAQUAREMA;CE RIO DE AREIA
33029164;BAIXADAS LITORANEAS;SAQUAREMA;CE DUCLER LAUREANO MATOS
33104204;BAIXADAS LITORANEAS;SAQUAREMA;CIEP 258 ASTROGILDO PEREIRA
33558221;BAIXADAS LITORANEAS;SAQUAREMA;CE ISMENIA DE BARROS BARROSO
33034273;CENTRO SUL;BARRA DO PIRAÍ;CIEP 287 ANGELINA TEIXEIRA NETTO SYM
33034311;CENTRO SUL;BARRA DO PIRAÍ;CE BARAO DO RIO BONITO
33034320;CENTRO SUL;BARRA DO PIRAÍ;CE NILO PECANHA
33034443;CENTRO SUL;BARRA DO PIRAÍ;CE DOUTOR ALVARO ROCHA
33034494;CENTRO SUL;BARRA DO PIRAÍ;CE JOAQUIM DE MACEDO
33034508;CENTRO SUL;BARRA DO PIRAÍ;CE SENADOR PAULO FERNANDES
33034516;CENTRO SUL;BARRA DO PIRAÍ;EE PADRE ANTONIO PINTO
33034540;CENTRO SUL;BARRA DO PIRAÍ;CE PROFESSOR JOSE ANTONIO MAIA VINAGRE
33034869;CENTRO SUL;BARRA DO PIRAÍ;CE PROFESSOR ADELINO TERRA
33094420;CENTRO SUL;BARRA DO PIRAÍ;CIEP 286 MURILO PORTUGAL
33098573;CENTRO SUL;BARRA DO PIRAÍ;CIEP 310 PROFESSORA ALICE AIEX
33038040;CENTRO SUL;ENGENHEIRO PAULO DE FRONTIN;CE JOAO KOPKE
33038180;CENTRO SUL;ENGENHEIRO PAULO DE FRONTIN;CE SACRA FAMILIA DO TINGUA
33038228;CENTRO SUL;MENDES;CE PROFESSOR ARAGAO GOMES
33038260;CENTRO SUL;MENDES;CE DOUTOR JOAO NERY
33038473;CENTRO SUL;MIGUEL PEREIRA;CE DOUTOR ANTONIO FERNANDES
33038589;CENTRO SUL;MIGUEL PEREIRA;CE VERA CRUZ
33038724;CENTRO SUL;MIGUEL PEREIRA;CE CARMEM DE LUCA ANDREIOLO
33038791;CENTRO SUL;MIGUEL PEREIRA;CE ALVARO ALVIM
33094098;CENTRO SUL;MIGUEL PEREIRA;CIEP 494 ALEXANDRE CARVALHO CÍVICO MILITAR
33038872;CENTRO SUL;PARACAMBI;CIEP 500 ANTONIO BOTELHO
33038880;CENTRO SUL;PARACAMBI;CIEP 152 GARRINCHA ALEGRIA DO POVO
33038929;CENTRO SUL;PARACAMBI;CE PRESIDENTE RODRIGUES ALVES
33017093;CENTRO SUL;PARAÍBA DO SUL;CE MARIA ZULMIRA TORRES
33017107;CENTRO SUL;PARAÍBA DO SUL;CE MONSENHOR FRANCISCO
33017492;CENTRO SUL;PARAÍBA DO SUL;CE LIONS CLUBE DE PARAIBA DO SUL
33017522;CENTRO SUL;PARAÍBA DO SUL;CE BEZERRA DE MENEZES
33017646;CENTRO SUL;PARAÍBA DO SUL;CE BARAO DE PALMEIRAS
33039186;CENTRO SUL;PATY DO ALFERES;CE EDMUNDO PERALTA BERNARDES
33039402;CENTRO SUL;PATY DO ALFERES;CE RIBEIRO DE AVELAR
33103771;CENTRO SUL;PATY DO ALFERES;CIEP 278 JOAQUIM OSORIO DUQUE ESTRADA
33035059;CENTRO SUL;RIO DAS FLORES;CIEP 298 MANUEL DUARTE
33035334;CENTRO SUL;RIO DAS FLORES;CE NEPHTALINA CARVALHO AVILA
33035407;CENTRO SUL;VALENÇA;CIA MONSENHOR TOMÁS TEJERINA DE PRADO
33035458;CENTRO SUL;VALENÇA;CE JOSE FONSECA
33035466;CENTRO SUL;VALENÇA;CE THEODORICO FONSECA
33035628;CENTRO SUL;VALENÇA;CE ALMIRANTE RODRIGUES SILVA
33035644;CENTRO SUL;VALENÇA;CE CORONEL BENJAMIN GUIMARAES
33035679;CENTRO SUL;VALENÇA;CE DOUTOR OSWALDO TERRA
33035962;CENTRO SUL;VALENÇA;CE PADRE SEBASTIAO DA SILVA PEREIRA
33036004;CENTRO SUL;VALENÇA;CE BARAO DE JUPARANA
33036071;CENTRO SUL;VALENÇA;CE ALFREDO GOMES
33036209;CENTRO SUL;VALENÇA;CE ARNOR SILVESTRE VIEIRA
33036519;CENTRO SUL;VALENÇA;CE DOUTOR GUILHERME MILWARD
33039569;CENTRO SUL;VASSOURAS;CE MINISTRO RAUL FERNANDES
33039585;CENTRO SUL;VASSOURAS;CE ANTÔNIO DE JESUS GOMES - BRASIL-MÉXICO
33039593;CENTRO SUL;VASSOURAS;CE CENTENARIO
33093601;CENTRO SUL;VASSOURAS;CIEP 297 PADRE SALESIO SCHIMID
33097224;CENTRO SUL;VASSOURAS;IE THIAGO COSTA
33131422;DE UNIDADES ESCOLARES PRISIONAIS E SOCIOEDUCATIVAS;BELFORD ROXO;CE JORNALISTA BARBOSA LIMA SOBRINHO
33170223;DE UNIDADES ESCOLARES PRISIONAIS E SOCIOEDUCATIVAS;CAMPOS DOS GOYTACAZES;CE RUI BARBOSA
33170231;DE UNIDADES ESCOLARES PRISIONAIS E SOCIOEDUCATIVAS;CAMPOS DOS GOYTACAZES;CE THEODORO SAMPAIO
33166366;DE UNIDADES ESCOLARES PRISIONAIS E SOCIOEDUCATIVAS;JAPERI;CE CARLOS PEREIRA GUIMARAES FILHO
33194670;DE UNIDADES ESCOLARES PRISIONAIS E SOCIOEDUCATIVAS;JAPERI;CE LUIZ GAMA
33136670;DE UNIDADES ESCOLARES PRISIONAIS E SOCIOEDUCATIVAS;NOVA FRIBURGO;CE GILDO CANDIDO DA SILVA
33063044;DE UNIDADES ESCOLARES PRISIONAIS E SOCIOEDUCATIVAS;RIO DE JANEIRO;CE MARIO QUINTANA
33063060;DE UNIDADES ESCOLARES PRISIONAIS E SOCIOEDUCATIVAS;RIO DE JANEIRO;CE RUBEM BRAGA
33066124;DE UNIDADES ESCOLARES PRISIONAIS E SOCIOEDUCATIVAS;RIO DE JANEIRO;CE ANACLETO DE MEDEIROS
33079633;DE UNIDADES ESCOLARES PRISIONAIS E SOCIOEDUCATIVAS;RIO DE JANEIRO;CE ANGENOR DE OLIVEIRA (CARTOLA)
33079838;DE UNIDADES ESCOLARES PRISIONAIS E SOCIOEDUCATIVAS;RIO DE JANEIRO;CE HENRIQUE DE SOUZA FILHO - HENFIL
33079935;DE UNIDADES ESCOLARES PRISIONAIS E SOCIOEDUCATIVAS;RIO DE JANEIRO;CE ROBERTO BURLE MARX
33111626;DE UNIDADES ESCOLARES PRISIONAIS E SOCIOEDUCATIVAS;RIO DE JANEIRO;CE LUIZA MAHIN
33111707;DE UNIDADES ESCOLARES PRISIONAIS E SOCIOEDUCATIVAS;RIO DE JANEIRO;CE CANDEIA
33124620;DE UNIDADES ESCOLARES PRISIONAIS E SOCIOEDUCATIVAS;RIO DE JANEIRO;CE PADRE CARLOS LEONCIO DA SILVA
33136467;DE UNIDADES ESCOLARES PRISIONAIS E SOCIOEDUCATIVAS;RIO DE JANEIRO;CE PROFESSOR CARLOS DA COSTA
33136491;DE UNIDADES ESCOLARES PRISIONAIS E SOCIOEDUCATIVAS;RIO DE JANEIRO;CE PROFESSORA ALDA LINS FREIRE
33136521;DE UNIDADES ESCOLARES PRISIONAIS E SOCIOEDUCATIVAS;RIO DE JANEIRO;CE PROFESSORA SONIA MARIA MENEZES SOARES
33146160;DE UNIDADES ESCOLARES PRISIONAIS E SOCIOEDUCATIVAS;RIO DE JANEIRO;CE JOSE LEWGOY
33153060;DE UNIDADES ESCOLARES PRISIONAIS E SOCIOEDUCATIVAS;RIO DE JANEIRO;CE EVANDRO JOAO DA SILVA
33170193;DE UNIDADES ESCOLARES PRISIONAIS E SOCIOEDUCATIVAS;RIO DE JANEIRO;CE MARIO LAGO
33170215;DE UNIDADES ESCOLARES PRISIONAIS E SOCIOEDUCATIVAS;RIO DE JANEIRO;CE MARIA MONTESSORI
33172358;DE UNIDADES ESCOLARES PRISIONAIS E SOCIOEDUCATIVAS;RIO DE JANEIRO;CE MARINHEIRO JOAO CANDIDO
33228809;DE UNIDADES ESCOLARES PRISIONAIS E SOCIOEDUCATIVAS;RIO DE JANEIRO;CE PRIMEIRO TENENTE PM HAILTON DOS SANTOS
33337217;DE UNIDADES ESCOLARES PRISIONAIS E SOCIOEDUCATIVAS;RIO DE JANEIRO;CE PADRE BRUNO TROMBETTA
33340200;DE UNIDADES ESCOLARES PRISIONAIS E SOCIOEDUCATIVAS;RIO DE JANEIRO;CE ESCRITOR E JORNALISTA GRACILIANO RAMOS
33201471;DE UNIDADES ESCOLARES PRISIONAIS E SOCIOEDUCATIVAS;RIO DE JANEIRO;CE PROFESSORA KATIA BARGHIGIANI AFFONSO
33170240;DE UNIDADES ESCOLARES PRISIONAIS E SOCIOEDUCATIVAS;VOLTA REDONDA;CE IRMA TEREZINHA DE BARROS
33052433;METROPOLITANA I;JAPERI;CE ARMANDO DIAS - BRASIL-ARGENTINA
33052441;METROPOLITANA I;JAPERI;CE JOAO SANTOS SOUTO
33052492;METROPOLITANA I;JAPERI;CE ALMIRANTE TAMANDARÉ
33052514;METROPOLITANA I;JAPERI;CE BARÃO DO RIO BRANCO
33052530;METROPOLITANA I;JAPERI;CE ENGENHEIRO PEDREIRA
33100080;METROPOLITANA I;JAPERI;CIEP 207 GILSON AMADO
33100217;METROPOLITANA I;JAPERI;CIEP 402 APARICIO TORELLI
33101671;METROPOLITANA I;JAPERI;CIEP 206 PROFESSORA CYRENE MORAES COSTA
33046549;METROPOLITANA I;NOVA IGUAÇU;CIEP 351 MINISTRO SALGADO FILHO
33058180;METROPOLITANA I;NOVA IGUAÇU;CIEP 119 AUSTIN
33058199;METROPOLITANA I;NOVA IGUAÇU;CIEP 167 JARDIM PARAÍSO
33058202;METROPOLITANA I;NOVA IGUAÇU;CIEP 200 PROFESSOR TERLI FIORAVANTE DA ROCHA
33058210;METROPOLITANA I;NOVA IGUAÇU;CIEP 216 PREFEITO JUAREZ ANTUNES
33058237;METROPOLITANA I;NOVA IGUAÇU;CIEP 324 MAHATMA GANDHI
33058245;METROPOLITANA I;NOVA IGUAÇU;CIEP 334 MOACYR JOSE PEREIRA GERK
33058261;METROPOLITANA I;NOVA IGUAÇU;CIEP 356 AUGUSTO RUSCHI
33058270;METROPOLITANA I;NOVA IGUAÇU;CIEP 359 CHARLES PERRAULT
33058288;METROPOLITANA I;NOVA IGUAÇU;CIEP 365 ASA BRANCA
33058296;METROPOLITANA I;NOVA IGUAÇU;CIEP 387 HANS CRISTIAN ANDERSEN
33058300;METROPOLITANA I;NOVA IGUAÇU;CIEP 390 CHAO DE ESTRELAS
33058318;METROPOLITANA I;NOVA IGUAÇU;CIEP 394 VEREADOR CÂNDIDO AUGUSTO RIBEIRO NETO
33058326;METROPOLITANA I;NOVA IGUAÇU;CIEP 075 JARDIM CABUÇU
33058334;METROPOLITANA I;NOVA IGUAÇU;CIEP 166 ABILIO AUGUSTO TAVORA
33058342;METROPOLITANA I;NOVA IGUAÇU;CIEP 317 AURELIO BUARQUE DE HOLANDA
33058377;METROPOLITANA I;NOVA IGUAÇU;CIEP 117 CARLOS DRUMMOND DE ANDRADE BRASIL ESTADOS UNIDOS
33058393;METROPOLITANA I;NOVA IGUAÇU;CIEP 025 GETULIO SALES RODRIGUES
33058407;METROPOLITANA I;NOVA IGUAÇU;CIEP 395 LUIZ HENRIQUE REZENDE NOVAES
33058415;METROPOLITANA I;NOVA IGUAÇU;CIEP 188 MARIANO FLOR CAVALCANTE
33058440;METROPOLITANA I;NOVA IGUAÇU;CIEP 113 PROFESSOR WALDICK PEREIRA
33058458;METROPOLITANA I;NOVA IGUAÇU;CIEP 196 SÃO TEODORO
33058466;METROPOLITANA I;NOVA IGUAÇU;CIEP 026 SAO VICENTE DE PAULA - BRASIL-SUECIA
33058474;METROPOLITANA I;NOVA IGUAÇU;CIEP 134 VEREADOR JOSÉ LOPES DE ARAÚJO
33058571;METROPOLITANA I;NOVA IGUAÇU;CE ANTONIO DA SILVA
33058580;METROPOLITANA I;NOVA IGUAÇU;CE ARRUDA NEGREIROS
33058601;METROPOLITANA I;NOVA IGUAÇU;CE CALIFÓRNIA
33058610;METROPOLITANA I;NOVA IGUAÇU;CE DOM WALMOR
33058636;METROPOLITANA I;NOVA IGUAÇU;CE ENGENHEIRO AREA LEAO
33058652;METROPOLITANA I;NOVA IGUAÇU;CE FRANCISCO ASSUMPÇÃO
33058679;METROPOLITANA I;NOVA IGUAÇU;CE JARDIM ALVORADA
33058687;METROPOLITANA I;NOVA IGUAÇU;CE JOSÉ BONIFÁCIO
33058695;METROPOLITANA I;NOVA IGUAÇU;CE MILTON CAMPOS
33058709;METROPOLITANA I;NOVA IGUAÇU;CE ABDIAS NASCIMENTO
33058733;METROPOLITANA I;NOVA IGUAÇU;CE PROFESSORA EVANGELINA SOARES DE MOURA
33058741;METROPOLITANA I;NOVA IGUAÇU;CE PROFESSORA MARIA JOSÉ RAUNHEITTI DUCCINI
33058750;METROPOLITANA I;NOVA IGUAÇU;CE SÃO JUDAS TADEU
33058768;METROPOLITANA I;NOVA IGUAÇU;CE SARGENTO ANTÔNIO ERNESTO
33058776;METROPOLITANA I;NOVA IGUAÇU;CE VICENTINA GOULART
33058946;METROPOLITANA I;NOVA IGUAÇU;CE COMENDADOR SOARES
33059152;METROPOLITANA I;NOVA IGUAÇU;CE ALFREDO NEVES
33059209;METROPOLITANA I;NOVA IGUAÇU;CE BERNARDINO MELO JUNIOR
33059225;METROPOLITANA I;NOVA IGUAÇU;CE CAPITAO JOAQUIM QUARESMA DE OLIVEIRA - BRASIL-PERU
33059241;METROPOLITANA I;NOVA IGUAÇU;CE DOUTOR MÁRIO GUIMARÃES
33059284;METROPOLITANA I;NOVA IGUAÇU;CE LEOPOLDO MACHADO
33059306;METROPOLITANA I;NOVA IGUAÇU;EE MACHADO DE ASSIS
33059322;METROPOLITANA I;NOVA IGUAÇU;CE MARIA JUSTINIANO FERNANDES
33059330;METROPOLITANA I;NOVA IGUAÇU;EE MESTRE HIRAM
33059357;METROPOLITANA I;NOVA IGUAÇU;EE MONSENHOR JOÃO MUSH
33059373;METROPOLITANA I;NOVA IGUAÇU;CE NATIVIDADE PATRICIO ANTUNES
33059381;METROPOLITANA I;NOVA IGUAÇU;CE PROFESSOR AMAZOR VIEIRA BORGES
33059403;METROPOLITANA I;NOVA IGUAÇU;CE PROFESSORA VENINA CORREA TORRES
33059411;METROPOLITANA I;NOVA IGUAÇU;EE JOAO DO VALE
33059446;METROPOLITANA I;NOVA IGUAÇU;CE SÃO JORGE
33059454;METROPOLITANA I;NOVA IGUAÇU;CE SANTO ANTONIO DE PÁDUA
33059462;METROPOLITANA I;NOVA IGUAÇU;CE VEREADOR PERCY BATISTA CRISPIN
33059470;METROPOLITANA I;NOVA IGUAÇU;CE YONNE MARIA SIQUEIRA DE ANDRADE
33060177;METROPOLITANA I;NOVA IGUAÇU;CIEP 358 ALBERTO PASQUALINI
33060185;METROPOLITANA I;NOVA IGUAÇU;CIEP 383 MAXIMO GORKI
33060193;METROPOLITANA I;NOVA IGUAÇU;CIEP 354 MARTINS PENA
33060274;METROPOLITANA I;NOVA IGUAÇU;IE RANGEL PESTANA
33060711;METROPOLITANA I;NOVA IGUAÇU;CIEP 352 SENADOR SEVERO GOMES
33060720;METROPOLITANA I;NOVA IGUAÇU;CIEP 021 GENERAL OSÓRIO
33060738;METROPOLITANA I;NOVA IGUAÇU;CE MARECHAL JUAREZ TAVORA
33060746;METROPOLITANA I;NOVA IGUAÇU;CE SANTA RITA DE CÁSSIA
33060797;METROPOLITANA I;NOVA IGUAÇU;CE AMBAÍ
33060800;METROPOLITANA I;NOVA IGUAÇU;CE BARAO DE TINGUA
33060819;METROPOLITANA I;NOVA IGUAÇU;CE DOS LÍRIOS
33060827;METROPOLITANA I;NOVA IGUAÇU;CE FIGUEIRA
33060835;METROPOLITANA I;NOVA IGUAÇU;CE JARDIM MARILICE - BRASIL-URUGUAI
33060843;METROPOLITANA I;NOVA IGUAÇU;CE MARIA EMÍLIA AMARAL FONTOURA
33060860;METROPOLITANA I;NOVA IGUAÇU;EE NILO PEÇANHA
33060878;METROPOLITANA I;NOVA IGUAÇU;CE PROFESSORA MARINA BENTO
33061769;METROPOLITANA I;NOVA IGUAÇU;CE SÃO FRANCISCO DE PAULA
33061890;METROPOLITANA I;NOVA IGUAÇU;EE HUMBERTO DE CAMPOS
33097020;METROPOLITANA I;NOVA IGUAÇU;CIEP 172 NELSON RODRIGUES
33097275;METROPOLITANA I;NOVA IGUAÇU;CIEP 333 CACILDA BECKER
33098123;METROPOLITANA I;NOVA IGUAÇU;CIEP 345 Y-JUCA PIRAMA - BRASIL-SUECIA
33100322;METROPOLITANA I;NOVA IGUAÇU;CIEP 168 HILDA SILVEIRA RODRIGUES
33117764;METROPOLITANA I;NOVA IGUAÇU;CE PROFESSORA MARIA HELENA AMARAL ALARCÃO
33142270;METROPOLITANA I;NOVA IGUAÇU;CE DOM ADRIANO HIPÓLITO
33061742;METROPOLITANA I;QUEIMADOS;CE PREFEITO LUIZ GUIMARÃES
33061750;METROPOLITANA I;QUEIMADOS;CE SÃO CRISTÓVÃO
33061866;METROPOLITANA I;QUEIMADOS;CE DOM JOÃO VI
33061874;METROPOLITANA I;QUEIMADOS;CE DOM BOSCO
33061920;METROPOLITANA I;QUEIMADOS;CE RAYMUNDO CORRÊA
33061939;METROPOLITANA I;QUEIMADOS;CE SAO JOAO
33096740;METROPOLITANA I;QUEIMADOS;CIEP 341 SEBASTIÃO PEREIRA PORTES
33097062;METROPOLITANA I;QUEIMADOS;CIEP 355 ROQUETE PINTO
33097151;METROPOLITANA I;QUEIMADOS;CIEP 396 LUIZ PEIXOTO
33097607;METROPOLITANA I;QUEIMADOS;CIEP 344 ADONIRAN BARBOSA
33099898;METROPOLITANA I;QUEIMADOS;CIEP 346 BELARMINO ALFREDO DOS SANTOS
33099901;METROPOLITANA I;QUEIMADOS;CIEP 335 PROFESSOR JOAQUIM DE FREITAS
33051321;METROPOLITANA II;ITABORAÍ;CIEP 130 DOUTOR ELIAS DE MIRANDA SARAIVA
33051330;METROPOLITANA II;ITABORAÍ;CIEP 129 JOSE MARIA NANCI
33051380;METROPOLITANA II;ITABORAÍ;CE VISCONDE DE ITABORAÍ
33051518;METROPOLITANA II;ITABORAÍ;CE SALVADOR DE MENDONÇA
33051739;METROPOLITANA II;ITABORAÍ;CE FRANCESCA CAREY
33051844;METROPOLITANA II;ITABORAÍ;CE PROFESSORA HILKA DE ARAÚJO PEÇANHA
33051879;METROPOLITANA II;ITABORAÍ;CE DOUTOR MOACYR MEIRELLES PADILHA
33052069;METROPOLITANA II;ITABORAÍ;CE PROFESSORA MARIA INOCÊNCIA FERREIRA
33052255;METROPOLITANA II;ITABORAÍ;CE JOVINA AMARAL DE OLIVEIRA
33097046;METROPOLITANA II;ITABORAÍ;CIEP 424 PEDRO AMORIM
33097054;METROPOLITANA II;ITABORAÍ;CIEP 308 PASCOAL CARLOS MAGNO
33097178;METROPOLITANA II;ITABORAÍ;CIEP 451 ELIZA ANTONIA RAINHO DIAS
33098786;METROPOLITANA II;ITABORAÍ;CIEP 453 DOUTOR MILTON RODRIGUES ROCHA
33098794;METROPOLITANA II;ITABORAÍ;CIEP 415 MIGUEL DE CERVANTES
33098808;METROPOLITANA II;ITABORAÍ;CIEP 426 EDUARDO RIBEIRO DE CARVALHO
33088870;METROPOLITANA II;SÃO GONÇALO;CIEP 430 CARLOS MARIGHELLA
33088896;METROPOLITANA II;SÃO GONÇALO;CIEP 306 DEPUTADO DAVID QUINDERÉ
33088900;METROPOLITANA II;SÃO GONÇALO;CIEP 249 PASTOR WALDEMAR ZARRO
33088926;METROPOLITANA II;SÃO GONÇALO;CIEP 240 PROFESSOR HAROLDO TEIXEIRA VALLADAO
33088942;METROPOLITANA II;SÃO GONÇALO;CIEP 248 PROFESSOR TULIO RODRIGUES PERLINGEIRO
33088950;METROPOLITANA II;SÃO GONÇALO;CIEP 052 PROFESSORA ROMANDA GOUVEIA GONÇALVES
33088969;METROPOLITANA II;SÃO GONÇALO;CIEP 041 VITAL BRAZIL
33089043;METROPOLITANA II;SÃO GONÇALO;CE ARMANDO GONCALVES
33089051;METROPOLITANA II;SÃO GONÇALO;CE DOUTOR ADINO XAVIER
33089060;METROPOLITANA II;SÃO GONÇALO;CE ISMAEL BRANCO
33089086;METROPOLITANA II;SÃO GONÇALO;CE MINISTRO JOSE DE MOURA E SILVA
33089094;METROPOLITANA II;SÃO GONÇALO;CE NILO PEÇANHA
33089108;METROPOLITANA II;SÃO GONÇALO;CE PANDIA CALOGERAS
33089124;METROPOLITANA II;SÃO GONÇALO;CE PADRE MANUEL DA NÓBREGA
33089337;METROPOLITANA II;SÃO GONÇALO;EE CAPITAO BELARMINO DE MATTOS
33089370;METROPOLITANA II;SÃO GONÇALO;EE CRUZEIRO DO SUL
33089388;METROPOLITANA II;SÃO GONÇALO;CE FREDERICO AZEVEDO
33089396;METROPOLITANA II;SÃO GONÇALO;CE LAURO CORREA
33089426;METROPOLITANA II;SÃO GONÇALO;CE MONSENHOR BARENCO COELHO
33089469;METROPOLITANA II;SÃO GONÇALO;CE PROFESSORA ANTONIETA PALMEIRA
33089841;METROPOLITANA II;SÃO GONÇALO;IE CLELIA NANCI
33090149;METROPOLITANA II;SÃO GONÇALO;CIEP 122 ERMEZINDA DIONISIO NECCO
33090157;METROPOLITANA II;SÃO GONÇALO;CIEP 126 ALMEDORINA AZEREDO
33090165;METROPOLITANA II;SÃO GONÇALO;CIEP 440 MAJOR JOAQUIM DE AZEVEDO COUTINHO
33090173;METROPOLITANA II;SÃO GONÇALO;CIEP 410 PATRÍCIA GALVÃO-PAGU
33090246;METROPOLITANA II;SÃO GONÇALO;CE DÔRVAL FERREIRA DA CUNHA
33090270;METROPOLITANA II;SÃO GONÇALO;CE AMANDA VELASCO
33090300;METROPOLITANA II;SÃO GONÇALO;CE AUGUSTO CEZÁRIO DIAZ ANDRÉ
33090327;METROPOLITANA II;SÃO GONÇALO;CE DESEMBARGADOR FERREIRA PINTO
33090343;METROPOLITANA II;SÃO GONÇALO;CE DOUTOR HUMBERTO SOEIRO DE CARVALHO
33090351;METROPOLITANA II;SÃO GONÇALO;CE DOUTOR RODOLPHO SIQUEIRA
33090378;METROPOLITANA II;SÃO GONÇALO;CE ELIZA MARIA DUTRA
33090394;METROPOLITANA II;SÃO GONÇALO;EE FREDERICO OZANAM
33090424;METROPOLITANA II;SÃO GONÇALO;CE PROFESSORA ADELIA MARTINS
33090432;METROPOLITANA II;SÃO GONÇALO;CE PROFESSORA DALILA DE OLIVEIRA COSTA
33090440;METROPOLITANA II;SÃO GONÇALO;CE PROFESSOR FRANCISCO DE PAULA ACHILLES
33090459;METROPOLITANA II;SÃO GONÇALO;CE PROFESSORA ODYSSEA SILVEIRA DE SIQUEIRA
33090475;METROPOLITANA II;SÃO GONÇALO;CE VITAL BRASIL
33090653;METROPOLITANA II;SÃO GONÇALO;CIEP 121 PROFESSOR JOADELIO CODECO
33090670;METROPOLITANA II;SÃO GONÇALO;CIEP 050 PABLO NERUDA
33090688;METROPOLITANA II;SÃO GONÇALO;CIEP 239 PROFESSORA ELZA VIANNA FIALHO
33090726;METROPOLITANA II;SÃO GONÇALO;CE TRASILBO FILGUEIRAS
33090815;METROPOLITANA II;SÃO GONÇALO;CE ALECRIM
33090823;METROPOLITANA II;SÃO GONÇALO;CE CORONEL SERRADO
33090831;METROPOLITANA II;SÃO GONÇALO;CE DOM ANTÔNIO DE ALMEIDA MORAES JUNIOR
33090840;METROPOLITANA II;SÃO GONÇALO;CE DOUTOR ARMANDO SA COUTO
33090874;METROPOLITANA II;SÃO GONÇALO;EE LEONOR FRANCO MOREIRA
33090882;METROPOLITANA II;SÃO GONÇALO;CE MAUA
33090890;METROPOLITANA II;SÃO GONÇALO;CE PROFESSORA ABIGAIL CARDOSO
33090904;METROPOLITANA II;SÃO GONÇALO;CE VILA GUARANI
33091196;METROPOLITANA II;SÃO GONÇALO;CE SANTOS DIAS
33091200;METROPOLITANA II;SÃO GONÇALO;CE WALTER ORLANDINE
33091323;METROPOLITANA II;SÃO GONÇALO;CE SUBTENENTE PM MARCO ANTONIO GRIPP
33091340;METROPOLITANA II;SÃO GONÇALO;CE CAPITÃO OSWALDO ORNELLAS
33091382;METROPOLITANA II;SÃO GONÇALO;CE CORONEL FRANCISCO LIMA
33091390;METROPOLITANA II;SÃO GONÇALO;CE CORONEL JOAO TARCISIO BUENO
33091447;METROPOLITANA II;SÃO GONÇALO;CE MELCHIADES PICANÇO
33091757;METROPOLITANA II;SÃO GONÇALO;CIEP 246 PROFESSORA ADALGISA CABRAL DE FARIA
33091765;METROPOLITANA II;SÃO GONÇALO;CE PAULINO PINHEIRO BAPTISTA
33091854;METROPOLITANA II;SÃO GONÇALO;EE CONEGO GOULART
33091897;METROPOLITANA II;SÃO GONÇALO;CE CORONEL PM MARCUS JARDIM
33091900;METROPOLITANA II;SÃO GONÇALO;CE PROFESSORA LUIZA HONORIA DO PRADO
33096970;METROPOLITANA II;SÃO GONÇALO;CIEP 309 ZUZU ANGEL - BRASIL-COLÔMBIA
33096988;METROPOLITANA II;SÃO GONÇALO;CIEP 412 DOUTOR ZERBINI
33103879;METROPOLITANA II;SÃO GONÇALO;CIEP 413 ADAO PEREIRA NUNES BRASIL MEXICO
33103887;METROPOLITANA II;SÃO GONÇALO;CIEP 408 SERGIO CARDOSO
33103909;METROPOLITANA II;SÃO GONÇALO;CIEP 238 DOUTOR ILTON FARIA DA COSTA
33103917;METROPOLITANA II;SÃO GONÇALO;CIEP 423 MORA GUIMARAES
33103925;METROPOLITANA II;SÃO GONÇALO;CIEP 421 DEPUTADA CRISTINA TAVARES
33103941;METROPOLITANA II;SÃO GONÇALO;CIEP 422 NICANOR FERREIRA NUNES
33103968;METROPOLITANA II;SÃO GONÇALO;CIEP 439 LUIZ GONZAGA JUNIOR - GONZAGUINHA
33104182;METROPOLITANA II;SÃO GONÇALO;CIEP 409 PROFESSORA ALAIDE DE FIGUEREDO SANTOS
33114366;METROPOLITANA II;SÃO GONÇALO;CE MARIO TAMBORINDEGUY
33507210;METROPOLITANA II;SÃO GONÇALO;CE COMENDADOR VALENTIM DOS SANTOS DINIZ
33518238;METROPOLITANA II;SÃO GONÇALO;CIEP 513 GEORGE SAVALLA GOMES - PALHACO CAREQUINHA
33052182;METROPOLITANA II;TANGUÁ;CE ANTONIO FRANCISCO LEAL
33099936;METROPOLITANA II;TANGUÁ;CIEP 252 JOAO BAPTISTA CAFFARO
33062277;METROPOLITANA III;RIO DE JANEIRO;CE CUBA
33063907;METROPOLITANA III;RIO DE JANEIRO;CE PROFESSOR JOAO BORGES DE MORAES
33068844;METROPOLITANA III;RIO DE JANEIRO;CE BAHIA
33068852;METROPOLITANA III;RIO DE JANEIRO;CE PROFESSOR CLOVIS MONTEIRO
33069026;METROPOLITANA III;RIO DE JANEIRO;CE RUY BARBOSA
33069034;METROPOLITANA III;RIO DE JANEIRO;CE TENENTE GENERAL NAPION
33069921;METROPOLITANA III;RIO DE JANEIRO;CE GOMES FREIRE DE ANDRADE
33069930;METROPOLITANA III;RIO DE JANEIRO;CE HEITOR LIRA
33069948;METROPOLITANA III;RIO DE JANEIRO;CE JOSE MARTI
33069956;METROPOLITANA III;RIO DE JANEIRO;CE REPUBLICA DE ANGOLA
33069964;METROPOLITANA III;RIO DE JANEIRO;CE REPUBLICA DE GUINE BISSAU
33070148;METROPOLITANA III;RIO DE JANEIRO;CE BRANT HORTA
33070156;METROPOLITANA III;RIO DE JANEIRO;CE CHILE
33070164;METROPOLITANA III;RIO DE JANEIRO;CE CONDE DE AGROLONGO
33070172;METROPOLITANA III;RIO DE JANEIRO;CE EMBAIXADOR BARROS HURTADO
33070199;METROPOLITANA III;RIO DE JANEIRO;CE JOAO MARQUES DOS REIS
33070326;METROPOLITANA III;RIO DE JANEIRO;CE TERESA CRISTINA
33071535;METROPOLITANA III;RIO DE JANEIRO;CE AGRIPINO GRIECO
33071543;METROPOLITANA III;RIO DE JANEIRO;CE BOLIVAR
33071551;METROPOLITANA III;RIO DE JANEIRO;CE CENTRAL DO BRASIL
33071578;METROPOLITANA III;RIO DE JANEIRO;CE FRANCISCO JOBIM
33071586;METROPOLITANA III;RIO DE JANEIRO;CE MARANHAO
33071594;METROPOLITANA III;RIO DE JANEIRO;CE OLINTO DA GAMA BOTELHO
33071616;METROPOLITANA III;RIO DE JANEIRO;CE REPUBLICA DO PERU
33071969;METROPOLITANA III;RIO DE JANEIRO;CE VISCONDE DE CAIRU
33072078;METROPOLITANA III;RIO DE JANEIRO;CE BARAO DE MACAUBAS
33072094;METROPOLITANA III;RIO DE JANEIRO;CE JOAO KOPKE
33072183;METROPOLITANA III;RIO DE JANEIRO;CE JOSE EDUARDO DE MACEDO SOARES
33072205;METROPOLITANA III;RIO DE JANEIRO;CE LAURO SODRE
33072248;METROPOLITANA III;RIO DE JANEIRO;CE HISPANO BRASILEIRO JOAO CABRAL DE MELO NETO
33072280;METROPOLITANA III;RIO DE JANEIRO;CE PERNAMBUCO
33072370;METROPOLITANA III;RIO DE JANEIRO;CE VIRGILIO DE MELO FRANCO
33073368;METROPOLITANA III;RIO DE JANEIRO;CE PASTOR MIRANDA PINTO
33074038;METROPOLITANA III;RIO DE JANEIRO;CE ITALIA
33074046;METROPOLITANA III;RIO DE JANEIRO;CE JOSUE DE CASTRO
33074054;METROPOLITANA III;RIO DE JANEIRO;CE NUNO ALVARES PEREIRA
33074151;METROPOLITANA III;RIO DE JANEIRO;CE MATO GROSSO
33074160;METROPOLITANA III;RIO DE JANEIRO;CE ADLAI STEVENSON
33074232;METROPOLITANA III;RIO DE JANEIRO;CE OLIMPIA DO COUTO
33074267;METROPOLITANA III;RIO DE JANEIRO;CE RODRIGO OTÁVIO FILHO
33074798;METROPOLITANA III;RIO DE JANEIRO;CE AMAPA
33075166;METROPOLITANA III;RIO DE JANEIRO;IE CARMELA DUTRA
33075174;METROPOLITANA III;RIO DE JANEIRO;CE CHARLES CHAPLIN
33075182;METROPOLITANA III;RIO DE JANEIRO;CE CIDADE DE LISBOA
33075190;METROPOLITANA III;RIO DE JANEIRO;CE LUIZ DE CAMOES
33075204;METROPOLITANA III;RIO DE JANEIRO;CE MARQUES REBELO
33075212;METROPOLITANA III;RIO DE JANEIRO;CE PROFESSOR JOSE ACCIOLI
33075220;METROPOLITANA III;RIO DE JANEIRO;CE PROFESSOR SOUSA DA SILVEIRA
33075689;METROPOLITANA III;RIO DE JANEIRO;CE CARDEAL ARCOVERDE
33075719;METROPOLITANA III;RIO DE JANEIRO;CE CONDE AFONSO CELSO
33075760;METROPOLITANA III;RIO DE JANEIRO;CE FRANCISCO PALHETA
33075816;METROPOLITANA III;RIO DE JANEIRO;CE OLEGARIO MARIANO
33075832;METROPOLITANA III;RIO DE JANEIRO;CE PARANA
33075867;METROPOLITANA III;RIO DE JANEIRO;CE SANTOS DUMONT
33075875;METROPOLITANA III;RIO DE JANEIRO;CE SENADOR FRANCISCO GALLOTTI
33075891;METROPOLITANA III;RIO DE JANEIRO;CE WALDEMIRO POTSCH
33085463;METROPOLITANA III;RIO DE JANEIRO;CE ANITA GARIBALDI
33085480;METROPOLITANA III;RIO DE JANEIRO;CE LEONEL AZEVEDO
33085498;METROPOLITANA III;RIO DE JANEIRO;CE PREFEITO MENDES DE MORAES
33085765;METROPOLITANA III;RIO DE JANEIRO;CE DUNSHEE DE ABRANCHES
33085838;METROPOLITANA III;RIO DE JANEIRO;CE ROTARY
33086540;METROPOLITANA III;RIO DE JANEIRO;CE ACARI
33086567;METROPOLITANA III;RIO DE JANEIRO;CE GRACILIANO RAMOS
33086575;METROPOLITANA III;RIO DE JANEIRO;CE GUADALUPE
33086583;METROPOLITANA III;RIO DE JANEIRO;CE MARECHAL JOAO BAPTISTA DE MATTOS
33086591;METROPOLITANA III;RIO DE JANEIRO;CE PROFESSOR JOEL DE OLIVEIRA
33086605;METROPOLITANA III;RIO DE JANEIRO;CE PROFESSOR MANUEL MAURICIO DE ALBUQUERQUE
33086613;METROPOLITANA III;RIO DE JANEIRO;CE PROFESSORA ELIANE MARTINS DANTAS BRASIL ALEMANHA
33086729;METROPOLITANA III;RIO DE JANEIRO;CE BELGICA
33086753;METROPOLITANA III;RIO DE JANEIRO;CE CYRO MONTEIRO
33086796;METROPOLITANA III;RIO DE JANEIRO;CE PARAIBA
33088152;METROPOLITANA III;RIO DE JANEIRO;CE JORNALISTA RODOLFO FERNANDES
33088160;METROPOLITANA III;RIO DE JANEIRO;CE GENERAL OSORIO
33088179;METROPOLITANA III;RIO DE JANEIRO;CE MAX FLEIUSS
33095078;METROPOLITANA III;RIO DE JANEIRO;CE BERNARDO DE VASCONCELOS
33096759;METROPOLITANA III;RIO DE JANEIRO;CIEP 173 RAINHA NZINGA DE ANGOLA
33097038;METROPOLITANA III;RIO DE JANEIRO;CIEP 326 PROFESSOR CESAR PERNETTA
33104638;METROPOLITANA III;RIO DE JANEIRO;CIEP 195 ANIBAL MACHADO
33105219;METROPOLITANA III;RIO DE JANEIRO;CIEP 379 RAUL SEIXAS
33110646;METROPOLITANA III;RIO DE JANEIRO;CIEP 323 MARIA WERNECK DE CASTRO
33110654;METROPOLITANA III;RIO DE JANEIRO;CIEP 092 FEDERICO FELLINI
33117950;METROPOLITANA III;RIO DE JANEIRO;CE PROFESSOR AUGUSTO MOTTA
33120692;METROPOLITANA III;RIO DE JANEIRO;CAIC THEOPHILO DE SOUZA PINTO
33124922;METROPOLITANA III;RIO DE JANEIRO;CE OLAVO JOSINO DE SALLES
33125317;METROPOLITANA III;RIO DE JANEIRO;CE PROFESSORA LUIZA MARINHO
33125740;METROPOLITANA III;RIO DE JANEIRO;CE PAULO FREIRE
33126160;METROPOLITANA III;RIO DE JANEIRO;CE OLGA BENARIO PRESTES
33126216;METROPOLITANA III;RIO DE JANEIRO;CE PROFESSORA DIUMA MADEIRA SALLES DE SOUZA
33126259;METROPOLITANA III;RIO DE JANEIRO;CE ROSA LUXEMBURGO
33126267;METROPOLITANA III;RIO DE JANEIRO;CE PROFESSOR HORACIO MACEDO
33126852;METROPOLITANA III;RIO DE JANEIRO;CE PROFESSORA MARIA NAZARETH CAVALCANTI SILVA
33127395;METROPOLITANA III;RIO DE JANEIRO;CE MINISTRO OROZIMBO NONATO
33128235;METROPOLITANA III;RIO DE JANEIRO;CIEP 339 MARIO TAMBORINDEGUY
33132879;METROPOLITANA III;RIO DE JANEIRO;CE DOM HELDER CAMARA
33132887;METROPOLITANA III;RIO DE JANEIRO;CE COMPOSITOR MANACEIA JOSE DE ANDRADE
33135193;METROPOLITANA III;RIO DE JANEIRO;CE PROFESSOR JOSE DE SOUZA MARQUES
33139156;METROPOLITANA III;RIO DE JANEIRO;CE PROFESSORA SONIA REGINA SCUDESE DESSIMONI PINTO
33140030;METROPOLITANA III;RIO DE JANEIRO;CE CONDE PEREIRA CARNEIRO
33140049;METROPOLITANA III;RIO DE JANEIRO;CE OSWALDO TEIXEIRA
33140669;METROPOLITANA III;RIO DE JANEIRO;CE JORNALISTA TIM LOPES
33140715;METROPOLITANA III;RIO DE JANEIRO;CE ANTÔNIO HOUAISS
33145440;METROPOLITANA III;RIO DE JANEIRO;CE SAO JOAO BATISTA
33146950;METROPOLITANA III;RIO DE JANEIRO;CE PROFESSORA MARIA DE LOURDES DE OLIVEIRA LAVOR - TIA LAVOR
33558230;METROPOLITANA III;RIO DE JANEIRO;CE DEPUTADO PEDRO FERNANDES
33044880;METROPOLITANA IV;ITAGUAÍ;CIEP 498 IRMÃ DULCE
33044899;METROPOLITANA IV;ITAGUAÍ;CIEP 048 DJALMA MARANHAO
33044929;METROPOLITANA IV;ITAGUAÍ;CE CLODOMIRO VASCONCELOS
33044953;METROPOLITANA IV;ITAGUAÍ;CE PROFESSOR NEY CIDADE PALMEIRO
33044961;METROPOLITANA IV;ITAGUAÍ;CE PROFESSORA ELIANA DE ALMEIDA SANTOS
33045062;METROPOLITANA IV;ITAGUAÍ;CE JOSE MARIA DE BRITO BRASIL JAPAO
33045089;METROPOLITANA IV;ITAGUAÍ;CE SANDRA ROLDAN BARBOZA
33045291;METROPOLITANA IV;ITAGUAÍ;CIEP 368 JOAO CONCEICAO CANUTO
33097135;METROPOLITANA IV;ITAGUAÍ;CIEP 329 JUAN MARTINHO CARRASCO
33137846;METROPOLITANA IV;ITAGUAÍ;CE PROFESSORA MARIA IZABEL DO COUTO BRANDAO
33062250;METROPOLITANA IV;RIO DE JANEIRO;CE ALDEBARA
33062293;METROPOLITANA IV;RIO DE JANEIRO;CE CHARLES DICKENS
33075883;METROPOLITANA IV;RIO DE JANEIRO;CE VIRIATO CORREA
33079323;METROPOLITANA IV;RIO DE JANEIRO;CE STUART EDGAR ANGEL JONES
33079331;METROPOLITANA IV;RIO DE JANEIRO;CE AGOSTINHO NETO
33079340;METROPOLITANA IV;RIO DE JANEIRO;CE BANGU
33079358;METROPOLITANA IV;RIO DE JANEIRO;CE COLLECCHIO
33079366;METROPOLITANA IV;RIO DE JANEIRO;CE JORGE ZARUR
33079374;METROPOLITANA IV;RIO DE JANEIRO;CE LEOPOLDINA DA SILVEIRA
33079382;METROPOLITANA IV;RIO DE JANEIRO;CE NICARAGUA
33079390;METROPOLITANA IV;RIO DE JANEIRO;CE PROFESSOR DALTRO SANTOS
33079404;METROPOLITANA IV;RIO DE JANEIRO;CE REPUBLICA DE MOCAMBIQUE
33079668;METROPOLITANA IV;RIO DE JANEIRO;CE BARONESA DE SAAVEDRA
33079692;METROPOLITANA IV;RIO DE JANEIRO;CE CRISTOVAO COLOMBO
33079706;METROPOLITANA IV;RIO DE JANEIRO;CE DALVA DE OLIVEIRA
33079714;METROPOLITANA IV;RIO DE JANEIRO;CE ENGENHEIRO JOAO THOME
33079722;METROPOLITANA IV;RIO DE JANEIRO;CE ESTADO DE ISRAEL
33079803;METROPOLITANA IV;RIO DE JANEIRO;CE MARIETA CUNHA DA SILVA
33079811;METROPOLITANA IV;RIO DE JANEIRO;CE MILTON CAMPOS
33079820;METROPOLITANA IV;RIO DE JANEIRO;CE MOACYR PADILHA
33079900;METROPOLITANA IV;RIO DE JANEIRO;CE RAMIZ GALVAO
33079943;METROPOLITANA IV;RIO DE JANEIRO;CE JOAO SALIM MIGUEL
33081743;METROPOLITANA IV;RIO DE JANEIRO;CIE MIECIMO DA SILVA
33082022;METROPOLITANA IV;RIO DE JANEIRO;CE FRANCISCO CALDEIRA DE ALVARENGA
33082030;METROPOLITANA IV;RIO DE JANEIRO;CE FREIRE ALLEMAO
33082049;METROPOLITANA IV;RIO DE JANEIRO;CE PROFESSOR FERNANDO ANTONIO RAJA GABAGLIA
33082146;METROPOLITANA IV;RIO DE JANEIRO;CE DOUTOR ALBERT SABIN
33082227;METROPOLITANA IV;RIO DE JANEIRO;CE ALMIRANTE FRONTIN
33082235;METROPOLITANA IV;RIO DE JANEIRO;CE AMAZONAS
33082251;METROPOLITANA IV;RIO DE JANEIRO;CE BARÃO DE SANTA MARGARIDA
33082286;METROPOLITANA IV;RIO DE JANEIRO;CE GEORGE WASHINGTON
33082316;METROPOLITANA IV;RIO DE JANEIRO;CE JOAO PROENCA
33082324;METROPOLITANA IV;RIO DE JANEIRO;CE MONTEIRO LOBATO
33082332;METROPOLITANA IV;RIO DE JANEIRO;CE PRESIDENTE ANTONIO CARLOS
33082340;METROPOLITANA IV;RIO DE JANEIRO;CE PROFESSOR GONCALVES
33082359;METROPOLITANA IV;RIO DE JANEIRO;CE JUREMA PECANHA GIRAUD
33082375;METROPOLITANA IV;RIO DE JANEIRO;CE RAINHA VITORIA
33082430;METROPOLITANA IV;RIO DE JANEIRO;CE PROFESSOR VIEIRA FAZENDA
33083592;METROPOLITANA IV;RIO DE JANEIRO;IE SARAH KUBITSCHEK
33084238;METROPOLITANA IV;RIO DE JANEIRO;CE BARAO DO RIO BRANCO
33084459;METROPOLITANA IV;RIO DE JANEIRO;CE PESTALOZZI
33086737;METROPOLITANA IV;RIO DE JANEIRO;CE COELHO NETO
33088420;METROPOLITANA IV;RIO DE JANEIRO;CE DEBORAH MENDES DE MORAES
33100659;METROPOLITANA IV;RIO DE JANEIRO;CAIC NACOES UNIDAS
33100675;METROPOLITANA IV;RIO DE JANEIRO;CE RAYMUNDO CORRÊA
33105294;METROPOLITANA IV;RIO DE JANEIRO;CIEP 311 DEPUTADO BOCAYUVA CUNHA
33106550;METROPOLITANA IV;RIO DE JANEIRO;CIEP 223 OLYMPIO MARQUES DOS SANTOS
33106584;METROPOLITANA IV;RIO DE JANEIRO;CIEP 336 OCTAVIO MALTA
33106592;METROPOLITANA IV;RIO DE JANEIRO;CIEP 435 HELIO PELLEGRINO
33106606;METROPOLITANA IV;RIO DE JANEIRO;CIEP 224 TARSO DE CASTRO
33106614;METROPOLITANA IV;RIO DE JANEIRO;CIEP 386 GUILHERME DA SILVEIRA FILHO
33106630;METROPOLITANA IV;RIO DE JANEIRO;CIEP 382 ASPIRANTE FRANCISCO MEGA
33106649;METROPOLITANA IV;RIO DE JANEIRO;CIEP 312 RAUL RYFF
33106657;METROPOLITANA IV;RIO DE JANEIRO;CIEP 183 JOÃO VITTA
33106665;METROPOLITANA IV;RIO DE JANEIRO;CIEP 432 ALBERTO CAVALCANTI
33106673;METROPOLITANA IV;RIO DE JANEIRO;CIEP 392 MARIO DE ANDRADE
33106681;METROPOLITANA IV;RIO DE JANEIRO;CIEP 305 HEITOR DOS PRAZERES
33106690;METROPOLITANA IV;RIO DE JANEIRO;CIEP 225 MARIO QUINTANA
33106703;METROPOLITANA IV;RIO DE JANEIRO;CIEP 244 OSWALDO ARANHA
33106711;METROPOLITANA IV;RIO DE JANEIRO;CIEP 362 ROBERTO BURLE MARX
33106720;METROPOLITANA IV;RIO DE JANEIRO;CIEP 313 RUBEM BRAGA
33106738;METROPOLITANA IV;RIO DE JANEIRO;CIEP 433 TOGO RENAN SOARES KANELA
33106746;METROPOLITANA IV;RIO DE JANEIRO;CIEP 165 BRIGADEIRO SERGIO CARVALHO
33110476;METROPOLITANA IV;RIO DE JANEIRO;CIEP 418 ANTONIO CARLOS BERNARDES - MUSSUM
33125304;METROPOLITANA IV;RIO DE JANEIRO;CE MISSIONÁRIO MÁRIO WAY
33125333;METROPOLITANA IV;RIO DE JANEIRO;CE IRINEU JOSE FERREIRA
33125341;METROPOLITANA IV;RIO DE JANEIRO;CE CORA CORALINA
33125627;METROPOLITANA IV;RIO DE JANEIRO;CE MINISTRO MARCOS FREIRE
33126747;METROPOLITANA IV;RIO DE JANEIRO;CE MADRE TERESA DE CALCUTA
33127514;METROPOLITANA IV;RIO DE JANEIRO;CE MARECHAL RONDON
33128600;METROPOLITANA IV;RIO DE JANEIRO;CE BARÃO DE ITARARÉ
33128618;METROPOLITANA IV;RIO DE JANEIRO;CE CARLOS MAGNO NAZARETH CERQUEIRA
33136424;METROPOLITANA IV;RIO DE JANEIRO;CE PROFESSORA VILMA ATANAZIO
33136432;METROPOLITANA IV;RIO DE JANEIRO;CE PROFESSORA VANIA DO AMARAL MATIAS EDDE
33136459;METROPOLITANA IV;RIO DE JANEIRO;CE PROFESSORA ALBA CANIZARES DO NASCIMENTO
33136475;METROPOLITANA IV;RIO DE JANEIRO;CE MONSENHOR MIGUEL DE SANTA MARIA MOCHON
33136483;METROPOLITANA IV;RIO DE JANEIRO;CE GANDHI
33136505;METROPOLITANA IV;RIO DE JANEIRO;CE PROFESSORA JEANNETTE DE SOUZA COELHO MANNARINO
33136513;METROPOLITANA IV;RIO DE JANEIRO;CE ROSARIA TROTTA
33136696;METROPOLITANA IV;RIO DE JANEIRO;CE LIBERDADE
33138354;METROPOLITANA IV;RIO DE JANEIRO;CE PROFESSOR OZEAS GOMES LARANGEIRAS
33149119;METROPOLITANA IV;RIO DE JANEIRO;CE CARLOS ARNOLDO ABRUZZINI DA FONSECA
33157065;METROPOLITANA IV;RIO DE JANEIRO;CE ERICH WALTER HEINE
33170150;METROPOLITANA IV;RIO DE JANEIRO;CE HEBE CAMARGO
33508232;METROPOLITANA IV;RIO DE JANEIRO;CE JORNALISTA ARTUR DA TAVOLA
33045070;METROPOLITANA IV;SEROPÉDICA;CE PIRANEMA
33045437;METROPOLITANA IV;SEROPÉDICA;CIEP 155 MARIA JOAQUINA DE OLIVEIRA
33045445;METROPOLITANA IV;SEROPÉDICA;CIEP 156 DOUTOR ALBERT SABIN
33045470;METROPOLITANA IV;SEROPÉDICA;CE BARAO DE TEFE
33045496;METROPOLITANA IV;SEROPÉDICA;CE PRESIDENTE DUTRA
33045542;METROPOLITANA IV;SEROPÉDICA;CE ALICE DE SOUZA BRUNO
33045550;METROPOLITANA IV;SEROPÉDICA;CE ALVARINA DE CARVALHO JANOTTI
33045569;METROPOLITANA IV;SEROPÉDICA;CE PROFESSOR ROBERTO LYRA
33045577;METROPOLITANA IV;SEROPÉDICA;CE PROFESSOR WALDEMAR RAYTHE
33166382;METROPOLITANA IV;SEROPÉDICA;CE BANANAL
33048282;METROPOLITANA V;DUQUE DE CAXIAS;CIEP 087 CLEMENTINA DE JESUS
33048304;METROPOLITANA V;DUQUE DE CAXIAS;CIEP 031 LIRIO DO LAGUNA
33048312;METROPOLITANA V;DUQUE DE CAXIAS;CIEP 226 PORTO DA ESTRELA
33048320;METROPOLITANA V;DUQUE DE CAXIAS;CIEP 131 PROFESSORA ARMANDA ALVARO ALBERTO
33048339;METROPOLITANA V;DUQUE DE CAXIAS;CIEP 098 PROFESSORA HILDA DO CARMO SIQUEIRA
33048347;METROPOLITANA V;DUQUE DE CAXIAS;CIEP 198 PROFESSORA ROZA FERREIRA DE MATTOS
33048444;METROPOLITANA V;DUQUE DE CAXIAS;CE ALVARO NEGROMONTE
33048452;METROPOLITANA V;DUQUE DE CAXIAS;CE AURA BARRETO
33048460;METROPOLITANA V;DUQUE DE CAXIAS;CE DULCE PETRI
33048479;METROPOLITANA V;DUQUE DE CAXIAS;CE DUQUE DE CAXIAS
33048487;METROPOLITANA V;DUQUE DE CAXIAS;CE FIDELIS MEDEIROS
33048495;METROPOLITANA V;DUQUE DE CAXIAS;CE GUADALAJARA
33048509;METROPOLITANA V;DUQUE DE CAXIAS;CE IRINEU MARINHO
33048517;METROPOLITANA V;DUQUE DE CAXIAS;CE RUI BARBOSA
33048797;METROPOLITANA V;DUQUE DE CAXIAS;CE PROFESSORA NORMA TOOP URUGUAY
33048835;METROPOLITANA V;DUQUE DE CAXIAS;EE ARARIBOIA
33048843;METROPOLITANA V;DUQUE DE CAXIAS;EE BAIRRO SENHOR DO BONFIM
33048860;METROPOLITANA V;DUQUE DE CAXIAS;CE DOUTOR IGNACIO BEZERRA DE MENEZES
33048878;METROPOLITANA V;DUQUE DE CAXIAS;CE EUCLIDES DA CUNHA
33048886;METROPOLITANA V;DUQUE DE CAXIAS;CE EVANGELINA PORTO DA MOTTA
33048908;METROPOLITANA V;DUQUE DE CAXIAS;CE GETÚLIO VARGAS
33048916;METROPOLITANA V;DUQUE DE CAXIAS;EE GILBERTO FREIRE
33048932;METROPOLITANA V;DUQUE DE CAXIAS;CE HERBERT MOSES
33048940;METROPOLITANA V;DUQUE DE CAXIAS;CE LARA VILLELA
33048959;METROPOLITANA V;DUQUE DE CAXIAS;CE LIA MARCIA GONÇALVES PANARO
33048975;METROPOLITANA V;DUQUE DE CAXIAS;CE MIGUEL COUTO
33048991;METROPOLITANA V;DUQUE DE CAXIAS;CE PROFESSOR JOSE DE SOUZA HERDY
33049017;METROPOLITANA V;DUQUE DE CAXIAS;CE SAO BENTO
33049025;METROPOLITANA V;DUQUE DE CAXIAS;CE VINICIUS DE MORAES
33049033;METROPOLITANA V;DUQUE DE CAXIAS;CE ZUMBI DOS PALMARES
33049475;METROPOLITANA V;DUQUE DE CAXIAS;IE GOVERNADOR ROBERTO SILVEIRA
33049688;METROPOLITANA V;DUQUE DE CAXIAS;CIEP 032 CORA CORALINA
33049696;METROPOLITANA V;DUQUE DE CAXIAS;CIEP 369 JORNALISTA SANDRO MOREYRA
33049700;METROPOLITANA V;DUQUE DE CAXIAS;CIEP 208 ALCEU AMOROSO LIMA
33049718;METROPOLITANA V;DUQUE DE CAXIAS;CIEP 228 DARCY VARGAS
33049726;METROPOLITANA V;DUQUE DE CAXIAS;CIEP 089 GRACILIANO RAMOS
33049734;METROPOLITANA V;DUQUE DE CAXIAS;CIEP 035 MARECHAL HENRIQUE TEIXEIRA LOTT
33049742;METROPOLITANA V;DUQUE DE CAXIAS;CIEP 118 VEREADOR VILSON CAMPOS DE MACEDO
33049785;METROPOLITANA V;DUQUE DE CAXIAS;CE ADELINA CASTRO
33049793;METROPOLITANA V;DUQUE DE CAXIAS;CE ALEXANDER GRAHAM BELL
33049807;METROPOLITANA V;DUQUE DE CAXIAS;CE FREI HENRIQUE DE COIMBRA
33049815;METROPOLITANA V;DUQUE DE CAXIAS;CE SANTO INACIO
33049920;METROPOLITANA V;DUQUE DE CAXIAS;CE ABDALA CHAMA
33049947;METROPOLITANA V;DUQUE DE CAXIAS;EE ASSIS CHATEAUBRIAND
33049963;METROPOLITANA V;DUQUE DE CAXIAS;CE EMBAIXADOR RAUL FERNANDES
33049971;METROPOLITANA V;DUQUE DE CAXIAS;CIEP FILINTO MULLER - BRASIL-CHINA
33049980;METROPOLITANA V;DUQUE DE CAXIAS;CE HELIO RANGEL
33049998;METROPOLITANA V;DUQUE DE CAXIAS;EE JOAO XXIII
33050015;METROPOLITANA V;DUQUE DE CAXIAS;CE MARECHAL RONDON
33050023;METROPOLITANA V;DUQUE DE CAXIAS;CE MINAS GERAIS
33050031;METROPOLITANA V;DUQUE DE CAXIAS;CE PROFESSORA VERA LUCIA TAVARES ROMAO
33050040;METROPOLITANA V;DUQUE DE CAXIAS;EE PROFESSORA CORDELIA PAIVA
33050058;METROPOLITANA V;DUQUE DE CAXIAS;EE PROFESSORA SARAH FARIA BRAZ
33050422;METROPOLITANA V;DUQUE DE CAXIAS;CE FERNANDO FIGUEIREDO
33050430;METROPOLITANA V;DUQUE DE CAXIAS;CE PADRE ANCHIETA
33050490;METROPOLITANA V;DUQUE DE CAXIAS;CE DOUTOR ALFREDO BACKER
33050503;METROPOLITANA V;DUQUE DE CAXIAS;CE MANOEL BANDEIRA
33050511;METROPOLITANA V;DUQUE DE CAXIAS;CE NOVA AMÉRICA
33050538;METROPOLITANA V;DUQUE DE CAXIAS;CE OPERARIO JOAO VICENTE
33050546;METROPOLITANA V;DUQUE DE CAXIAS;CE PARADA ANGÉLICA
33050554;METROPOLITANA V;DUQUE DE CAXIAS;CE PROFESSOR FRANCISCO PORTUGAL NEVES
33050570;METROPOLITANA V;DUQUE DE CAXIAS;CE PROFESSORA MINERVINA BARBOSA DE CASTRO
33050759;METROPOLITANA V;DUQUE DE CAXIAS;CE BARAO DE MAUA
33050767;METROPOLITANA V;DUQUE DE CAXIAS;CE CIRCULO OPERARIO
33050791;METROPOLITANA V;DUQUE DE CAXIAS;CE ALEMY TAVARES DA SILVA
33050805;METROPOLITANA V;DUQUE DE CAXIAS;CE HERVALINA DINIZ PIRES
33050813;METROPOLITANA V;DUQUE DE CAXIAS;CE MONTEIRO LOBATO
33050848;METROPOLITANA V;DUQUE DE CAXIAS;CE SANTO ANTONIO
33096694;METROPOLITANA V;DUQUE DE CAXIAS;CIEP 476 ELIAS LAZARONI
33097810;METROPOLITANA V;DUQUE DE CAXIAS;CIEP 348 EUGENIA MOREYRA
33097895;METROPOLITANA V;DUQUE DE CAXIAS;CIEP 404 CLARICE LISPECTOR
33098816;METROPOLITANA V;DUQUE DE CAXIAS;CIEP 340 PROFESSORA LAIS MARTINS
33099073;METROPOLITANA V;DUQUE DE CAXIAS;CIEP 199 GINÁSIO PÚBLICO CHARLES CHAPLIN
33099189;METROPOLITANA V;DUQUE DE CAXIAS;CIEP 434 PROFESSORA MARIA JOSE MACHADO
33099200;METROPOLITANA V;DUQUE DE CAXIAS;CIEP 229 CANDIDO PORTINARI
33099227;METROPOLITANA V;DUQUE DE CAXIAS;CIEP 370 PROFESSOR SYLVIO GNECCO DE CARVALHO - BRASIL-MÉXICO
33099235;METROPOLITANA V;DUQUE DE CAXIAS;CIEP 218 MINISTRO HERMES LIMA BRASIL-TURQUIA
33099243;METROPOLITANA V;DUQUE DE CAXIAS;CIEP 171 JOSE AMERICO PESSANHA
33099286;METROPOLITANA V;DUQUE DE CAXIAS;CIEP 350 TULIO ROBERTO QUINTILIANO CARDOSO
33099766;METROPOLITANA V;DUQUE DE CAXIAS;CIEP 209 ATAULFO ALVES
33101620;METROPOLITANA V;DUQUE DE CAXIAS;CIEP 176 CHICO MENDES
33101655;METROPOLITANA V;DUQUE DE CAXIAS;CIEP 320 ERCILIA ANTONIA DA SILVA
33110220;METROPOLITANA V;DUQUE DE CAXIAS;CIEP 201 AARAO STEINBRUCH
33142882;METROPOLITANA V;DUQUE DE CAXIAS;CE PATRONO DUQUE DE CAXIAS
33062374;METROPOLITANA VI;RIO DE JANEIRO;CE REVERENDO HUGH CLARENCE TUCKER
33062668;METROPOLITANA VI;RIO DE JANEIRO;CE JULIA KUBITSCHEK
33062676;METROPOLITANA VI;RIO DE JANEIRO;CE SOUZA AGUIAR
33062919;METROPOLITANA VI;RIO DE JANEIRO;CE PAULO DE FRONTIN
33062927;METROPOLITANA VI;RIO DE JANEIRO;CE TOMAS ANTONIO GONZAGA
33063052;METROPOLITANA VI;RIO DE JANEIRO;CE MEM DE SA
33063389;METROPOLITANA VI;RIO DE JANEIRO;CE CHICO ANYSIO
33063397;METROPOLITANA VI;RIO DE JANEIRO;CE SENOR ABRAVANEL
33063400;METROPOLITANA VI;RIO DE JANEIRO;CE MEXICO
33063877;METROPOLITANA VI;RIO DE JANEIRO;CE DEODORO
33064644;METROPOLITANA VI;RIO DE JANEIRO;CE INFANTE DOM HENRIQUE
33064652;METROPOLITANA VI;RIO DE JANEIRO;CE PEDRO ALVARES CABRAL
33064792;METROPOLITANA VI;RIO DE JANEIRO;CE CASTELNUOVO
33065217;METROPOLITANA VI;RIO DE JANEIRO;CE PROFESSOR ANTONIO MARIA TEIXEIRA FILHO
33065276;METROPOLITANA VI;RIO DE JANEIRO;CE ANDRE MAUROIS
33065284;METROPOLITANA VI;RIO DE JANEIRO;CE IGNACIO AZEVEDO DO AMARAL
33065292;METROPOLITANA VI;RIO DE JANEIRO;CE MANUEL BANDEIRA
33066027;METROPOLITANA VI;RIO DE JANEIRO;CE NILO PECANHA
33066035;METROPOLITANA VI;RIO DE JANEIRO;CE OLAVO BILAC
33066043;METROPOLITANA VI;RIO DE JANEIRO;CE PROFESSOR ERNESTO FARIA
33066140;METROPOLITANA VI;RIO DE JANEIRO;CE GONCALVES DIAS
33066590;METROPOLITANA VI;RIO DE JANEIRO;CE ANTONIO PRADO JUNIOR
33066612;METROPOLITANA VI;RIO DE JANEIRO;CE PROFESSOR CLOVIS SALGADO
33066620;METROPOLITANA VI;RIO DE JANEIRO;CE SOARES PEREIRA
33067783;METROPOLITANA VI;RIO DE JANEIRO;CE FRANCISCO CAMPOS
33067791;METROPOLITANA VI;RIO DE JANEIRO;CE JOAO ALFREDO
33068011;METROPOLITANA VI;RIO DE JANEIRO;CE AFONSO PENA
33071560;METROPOLITANA VI;RIO DE JANEIRO;CE DELFIM MOREIRA
33072337;METROPOLITANA VI;RIO DE JANEIRO;CE SARMIENTO
33077088;METROPOLITANA VI;RIO DE JANEIRO;CE ADALGISA MONTEIRO
33077100;METROPOLITANA VI;RIO DE JANEIRO;CE BRIGADEIRO SCHORCHT
33077118;METROPOLITANA VI;RIO DE JANEIRO;CE CARLOS LACERDA
33077126;METROPOLITANA VI;RIO DE JANEIRO;CE EDUARDO MONDLANE
33077134;METROPOLITANA VI;RIO DE JANEIRO;CE ENGENHEIRO BERNARDO SAYAO
33077142;METROPOLITANA VI;RIO DE JANEIRO;CE MAHATMA GANDHI
33077150;METROPOLITANA VI;RIO DE JANEIRO;CE CARDEAL DOM EUGENIO DE ARAUJO SALES
33077169;METROPOLITANA VI;RIO DE JANEIRO;CE EUNICE WEAVER
33077177;METROPOLITANA VI;RIO DE JANEIRO;CE PRESIDENTE JOAO GOULART
33077185;METROPOLITANA VI;RIO DE JANEIRO;CE SENADOR TEOTONIO VILELA
33077363;METROPOLITANA VI;RIO DE JANEIRO;CE ALBERTO RANGEL
33077371;METROPOLITANA VI;RIO DE JANEIRO;CE ALINA DE BRITO
33077452;METROPOLITANA VI;RIO DE JANEIRO;CE EMBAIXADOR DIAS CARNEIRO
33077487;METROPOLITANA VI;RIO DE JANEIRO;CE FREDERICO EYER
33077495;METROPOLITANA VI;RIO DE JANEIRO;CE GENERAL CARLOS CAETANO MIRAGAYA
33077509;METROPOLITANA VI;RIO DE JANEIRO;CE HONDURAS
33077525;METROPOLITANA VI;RIO DE JANEIRO;CE MARECHAL CANROBERT PEREIRA DA COSTA
33077568;METROPOLITANA VI;RIO DE JANEIRO;CE ROSA DO POVO
33077576;METROPOLITANA VI;RIO DE JANEIRO;CE VICTOR HUGO
33086427;METROPOLITANA VI;RIO DE JANEIRO;CE AUGUSTO RUSCHI
33087644;METROPOLITANA VI;RIO DE JANEIRO;CE VICENTE JANNUZZI
33087725;METROPOLITANA VI;RIO DE JANEIRO;CE GILSON AMADO
33087733;METROPOLITANA VI;RIO DE JANEIRO;CE GOLDA MEIR
33087750;METROPOLITANA VI;RIO DE JANEIRO;CE ALMIRANTE TAMANDARE
33097283;METROPOLITANA VI;RIO DE JANEIRO;CIEP 321 DOUTOR ULYSSES GUIMARAES
33102210;METROPOLITANA VI;RIO DE JANEIRO;CIEP 241 NACAO MANGUEIRENSE GOVERNADOR LEONEL DE MOURA BRIZOLA
33105065;METROPOLITANA VI;RIO DE JANEIRO;CAIC EUCLYDES DA CUNHA
33105103;METROPOLITANA VI;RIO DE JANEIRO;CIEP 303 GP AYRTON SENNA
33110638;METROPOLITANA VI;RIO DE JANEIRO;CIEP 205 FREI AGOSTINHO FINCIAS
33125805;METROPOLITANA VI;RIO DE JANEIRO;CE TEOFILO MOREIRA DA COSTA
33126105;METROPOLITANA VI;RIO DE JANEIRO;CE FINLANDIA
33126224;METROPOLITANA VI;RIO DE JANEIRO;CE HERBERT DE SOUZA
33126232;METROPOLITANA VI;RIO DE JANEIRO;CE COMPOSITOR LUIZ GONZAGA
33126755;METROPOLITANA VI;RIO DE JANEIRO;CE MONTEIRO DE CARVALHO
33126941;METROPOLITANA VI;RIO DE JANEIRO;CE CHIQUINHA GONZAGA
33134049;METROPOLITANA VI;RIO DE JANEIRO;CE PROFESSORA MARIA TEREZINHA DE CARVALHO MACHADO
33138648;METROPOLITANA VI;RIO DE JANEIRO;CE STELLA MATUTINA
33173010;METROPOLITANA VI;RIO DE JANEIRO;CE JORNALISTA MAURÍCIO AZÊDO - BRASIL-ÍNDIA
33183724;METROPOLITANA VI;RIO DE JANEIRO;CE ARTHUR ANTONIO SENDAS
33271208;METROPOLITANA VI;RIO DE JANEIRO;CE JOSE LEITE LOPES
33439222;METROPOLITANA VI;RIO DE JANEIRO;CE COMPOSITOR LUIZ CARLOS DA VILA
33046247;METROPOLITANA VII;BELFORD ROXO;CE GUSTAVO BARROSO
33046263;METROPOLITANA VII;BELFORD ROXO;CAIC 1003 DONA DARCY VARGAS
33046514;METROPOLITANA VII;BELFORD ROXO;CIEP 178 JOÃO SALDANHA
33046522;METROPOLITANA VII;BELFORD ROXO;CIEP 314 GALILEU GALILEI
33046530;METROPOLITANA VII;BELFORD ROXO;CIEP 316 GENERAL LADARIO PEREIRA TELLES
33046565;METROPOLITANA VII;BELFORD ROXO;CIEP 375 WILSON GREY
33046573;METROPOLITANA VII;BELFORD ROXO;CIEP 376 CLAUDIO COUTINHO
33046581;METROPOLITANA VII;BELFORD ROXO;CIEP 377 CARMEM DA SILVA
33046603;METROPOLITANA VII;BELFORD ROXO;CIEP 037 ERNESTO GUEVARA
33046620;METROPOLITANA VII;BELFORD ROXO;CIEP 374 AUGUSTO RODRIGUES
33046646;METROPOLITANA VII;BELFORD ROXO;CIEP 197 MINISTRO MARCOS DE BARROS FREIRE
33046654;METROPOLITANA VII;BELFORD ROXO;CIEP 112 MONSENHOR SOLANO DANTAS MENEZES
33046662;METROPOLITANA VII;BELFORD ROXO;CIEP 116 VILA MAIA
33046743;METROPOLITANA VII;BELFORD ROXO;CE ALICE PACCINI GELIO
33046751;METROPOLITANA VII;BELFORD ROXO;CE BAIRRO NOVA AURORA
33046778;METROPOLITANA VII;BELFORD ROXO;CE JARDIM GLAUCIA
33046786;METROPOLITANA VII;BELFORD ROXO;CE PRESIDENTE KENNEDY
33046794;METROPOLITANA VII;BELFORD ROXO;CE RICARDA LEON
33046808;METROPOLITANA VII;BELFORD ROXO;CE SARGENTO WOLFF
33046816;METROPOLITANA VII;BELFORD ROXO;CE PROFESSOR ANDRE CAVALCANTE DE CARVALHO
33046824;METROPOLITANA VII;BELFORD ROXO;CE TENENTE OTAVIO PINHEIRO - BRASIL-RUSSIA
33046867;METROPOLITANA VII;BELFORD ROXO;CE BOM PASTOR
33047243;METROPOLITANA VII;BELFORD ROXO;CE BAIRRO JARDIM AMERICA
33047251;METROPOLITANA VII;BELFORD ROXO;EE CASTRO ALVES
33047278;METROPOLITANA VII;BELFORD ROXO;CE MARCILIO DIAS
33047286;METROPOLITANA VII;BELFORD ROXO;CIEP 210 MARIO ALVES DE SOUZA VIEIRA
33047294;METROPOLITANA VII;BELFORD ROXO;CE NOVA ALVORADA
33047308;METROPOLITANA VII;BELFORD ROXO;CE PAULINO BARBOSA
33047316;METROPOLITANA VII;BELFORD ROXO;CE PRESIDENTE JOAO GOULART
33047324;METROPOLITANA VII;BELFORD ROXO;CE SAO BERNARDO
33047332;METROPOLITANA VII;BELFORD ROXO;CE SANTA TEREZA
33047340;METROPOLITANA VII;BELFORD ROXO;EE VITAL BRASIL
33047910;METROPOLITANA VII;BELFORD ROXO;CE BRANDAO MONTEIRO
33047928;METROPOLITANA VII;BELFORD ROXO;CE VARZEA DA ALEGRIA
33047936;METROPOLITANA VII;BELFORD ROXO;CE JARDIM IPE
33047944;METROPOLITANA VII;BELFORD ROXO;CE PARQUE AMORIM
33047960;METROPOLITANA VII;BELFORD ROXO;CIEP 380 JORACI CAMARGO
33094144;METROPOLITANA VII;BELFORD ROXO;CIEP 388 LASAR SEGALL
33098131;METROPOLITANA VII;BELFORD ROXO;CIEP 337 BERTA LUTZ
33061084;METROPOLITANA VII;MESQUITA;CIEP 364 NELSON RAMOS
33061106;METROPOLITANA VII;MESQUITA;CIEP 111 GELSON FREITAS
33061122;METROPOLITANA VII;MESQUITA;CIEP 100 SAO FRANCISCO DE ASSIS BRASIL FRANCA
33061149;METROPOLITANA VII;MESQUITA;CE BRASIL
33061165;METROPOLITANA VII;MESQUITA;CE DOM PEDRO I
33061173;METROPOLITANA VII;MESQUITA;CE PIERRE PLANCHER
33061181;METROPOLITANA VII;MESQUITA;CE PRESIDENTE CASTELO BRANCO
33061203;METROPOLITANA VII;MESQUITA;CE VILA BELA
33061246;METROPOLITANA VII;MESQUITA;CE ANA NERI
33113319;METROPOLITANA VII;MESQUITA;CE POETA MARIO QUINTANA
33054576;METROPOLITANA VII;NILÓPOLIS;CE ANTONIO FIGUEIRA DE ALMEIDA
33054584;METROPOLITANA VII;NILÓPOLIS;CE AYDANO DE ALMEIDA
33054592;METROPOLITANA VII;NILÓPOLIS;CE JOÃO CARDOSO - BRASIL-ARGENTINA
33054606;METROPOLITANA VII;NILÓPOLIS;CE PROFESSOR MÁRIO CAMPOS
33054681;METROPOLITANA VII;NILÓPOLIS;CE BERTHA D ALESSANDRO
33054711;METROPOLITANA VII;NILÓPOLIS;CE PROFESSOR UBIRATAN REIS BARBOSA
33054843;METROPOLITANA VII;NILÓPOLIS;IE CARLOS PASQUALE
33054983;METROPOLITANA VII;NILÓPOLIS;CE NUTA BARTHLET JAMES
33055025;METROPOLITANA VII;NILÓPOLIS;CE JOAQUIM DE ALMEIDA FLORES
33055033;METROPOLITANA VII;NILÓPOLIS;CE MARECHAL ZENOBIO DA COSTA
33099049;METROPOLITANA VII;NILÓPOLIS;CIEP 230 MANOEL MALAQUIAS GURGEL DA SILVA
33101078;METROPOLITANA VII;NILÓPOLIS;CIEP 389 GP HAROLDO BARBOSA
33047979;METROPOLITANA VII;SÃO JOÃO DE MERITI;CIEP 398 MARIO LIMA
33092141;METROPOLITANA VII;SÃO JOÃO DE MERITI;CIEP 114 PROFESSORA MARIA GAVAZIO MARTINS
33092168;METROPOLITANA VII;SÃO JOÃO DE MERITI;CIEP 016 PROFESSORA LUCILENE DE SOUZA PECLAT
33092176;METROPOLITANA VII;SÃO JOÃO DE MERITI;CIEP 135 AFONSO HENRIQUES LIMA BARRETO
33092184;METROPOLITANA VII;SÃO JOÃO DE MERITI;CIEP 115 ANTONIO FRANCISCO LISBOA
33092206;METROPOLITANA VII;SÃO JOÃO DE MERITI;CIEP 133 OSWALDO JOSE LOURENCO
33092214;METROPOLITANA VII;SÃO JOÃO DE MERITI;CE ANTONIO GONCALVES
33092222;METROPOLITANA VII;SÃO JOÃO DE MERITI;CE CAETANO BELLONI
33092230;METROPOLITANA VII;SÃO JOÃO DE MERITI;CE JARDIM MERITI
33092249;METROPOLITANA VII;SÃO JOÃO DE MERITI;CE PROFESSORA FRANCISCA JEREMIAS DA SILVEIRA MENEZES
33092257;METROPOLITANA VII;SÃO JOÃO DE MERITI;CE PROFESSOR MURILO BRAGA
33092265;METROPOLITANA VII;SÃO JOÃO DE MERITI;CE RUBENS FARRULLA
33092427;METROPOLITANA VII;SÃO JOÃO DE MERITI;CE PROFESSORA REGINA CELIA DOS REIS OLIVEIRA
33092443;METROPOLITANA VII;SÃO JOÃO DE MERITI;CE DOUTOR ANIBAL VIRIATO DE AZEVEDO
33092451;METROPOLITANA VII;SÃO JOÃO DE MERITI;CE DOUTOR OSCAR PIMENTA SOARES
33092460;METROPOLITANA VII;SÃO JOÃO DE MERITI;CE JOSÉ DO PATROCÍNIO
33092478;METROPOLITANA VII;SÃO JOÃO DE MERITI;CE PEDRO ALVARES CABRAL
33092508;METROPOLITANA VII;SÃO JOÃO DE MERITI;EE PROFESSORA ODYLA DO COUTO
33092516;METROPOLITANA VII;SÃO JOÃO DE MERITI;CE PROFESSORA SANDRA MARIA SANTOS DE SOUSA
33092532;METROPOLITANA VII;SÃO JOÃO DE MERITI;CE VERA CRUZ
33092796;METROPOLITANA VII;SÃO JOÃO DE MERITI;CIEP 179 PROFESSOR CLAUDIO GAMA
33093016;METROPOLITANA VII;SÃO JOÃO DE MERITI;CIEP 029 JOSUE DE CASTRO
33093024;METROPOLITANA VII;SÃO JOÃO DE MERITI;CIEP 030 MARINHEIRO JOÃO CÂNDIDO
33093091;METROPOLITANA VII;SÃO JOÃO DE MERITI;CE CASEMIRO MEIRELLES
33093156;METROPOLITANA VII;SÃO JOÃO DE MERITI;CE AGOSTINHO PORTO
33093180;METROPOLITANA VII;SÃO JOÃO DE MERITI;CE DUQUE COSTA
33093199;METROPOLITANA VII;SÃO JOÃO DE MERITI;CE GOVERNADOR ROBERTO SILVEIRA
33093202;METROPOLITANA VII;SÃO JOÃO DE MERITI;EE PRACA DA BANDEIRA
33093210;METROPOLITANA VII;SÃO JOÃO DE MERITI;EE PROFESSOR ALFREDO MAURICIO BRUN
33093423;METROPOLITANA VII;SÃO JOÃO DE MERITI;CIEP 139 MANUEL BANDEIRA
33093458;METROPOLITANA VII;SÃO JOÃO DE MERITI;CE HILTON GAMA
33093466;METROPOLITANA VII;SÃO JOÃO DE MERITI;CE PROFESSORA ALZIRA DOS SANTOS DA SILVA
33093482;METROPOLITANA VII;SÃO JOÃO DE MERITI;EE SAO FRANCISCO DE ASSIS
33093504;METROPOLITANA VII;SÃO JOÃO DE MERITI;CE VISCONDE DE CAIRU
33104271;METROPOLITANA VII;SÃO JOÃO DE MERITI;CIEP 397 PAULO PONTES
33104298;METROPOLITANA VII;SÃO JOÃO DE MERITI;CIEP 399 JEAN BAPTISTE DEBRET
33104301;METROPOLITANA VII;SÃO JOÃO DE MERITI;CIEP 400 GP OSWALD DE ANDRADE
33104328;METROPOLITANA VII;SÃO JOÃO DE MERITI;EE VILAR DOS TELES
33104344;METROPOLITANA VII;SÃO JOÃO DE MERITI;CIEP 169 MARIA AUGUSTA CORREIA
33104352;METROPOLITANA VII;SÃO JOÃO DE MERITI;CIEP 170 GREGORIO BEZERRA
33104379;METROPOLITANA VII;SÃO JOÃO DE MERITI;CIEP 175 JOSE LINS DO REGO
33004749;NOROESTE FLUMINENSE;APERIBÉ;CE LOURENCA GUIMARAES
33095647;NOROESTE FLUMINENSE;APERIBÉ;CIEP 419 BENIGNO BAIRRAL
33000026;NOROESTE FLUMINENSE;BOM JESUS DO ITABAPOANA;CE GOVERNADOR ROBERTO SILVEIRA
33000042;NOROESTE FLUMINENSE;BOM JESUS DO ITABAPOANA;CE PADRE MELLO
33000115;NOROESTE FLUMINENSE;BOM JESUS DO ITABAPOANA;CE ALCINDA LOPES PEREIRA PINTO
33000158;NOROESTE FLUMINENSE;BOM JESUS DO ITABAPOANA;CE EUCLIDES FELICIANO TARDIN
33000360;NOROESTE FLUMINENSE;BOM JESUS DO ITABAPOANA;IE EBER TEIXEIRA DE FIGUEIREDO
33000662;NOROESTE FLUMINENSE;BOM JESUS DO ITABAPOANA;CE MARCILIO DIAS
33000670;NOROESTE FLUMINENSE;BOM JESUS DO ITABAPOANA;CE MARIA DA CONCEICAO PEREIRA PINTO
33518220;NOROESTE FLUMINENSE;BOM JESUS DO ITABAPOANA;CE LUIZ TITO DE ALMEIDA
33004927;NOROESTE FLUMINENSE;CAMBUCÍ;CIEP 276 ERNESTO PAIVA
33005362;NOROESTE FLUMINENSE;CAMBUCÍ;CE WALDEMIRO PITA
33005478;NOROESTE FLUMINENSE;CAMBUCÍ;CE OSCAR BATISTA
33001014;NOROESTE FLUMINENSE;ITALVA;CIEP 141 VEREADOR SAID TANUS JOSÉ
33001022;NOROESTE FLUMINENSE;ITALVA;CE JOAO GUIMARAES
33005990;NOROESTE FLUMINENSE;ITAOCARA;CE FREI TOMAS
33006296;NOROESTE FLUMINENSE;ITAOCARA;CE LAURINDO PITA
33006458;NOROESTE FLUMINENSE;ITAOCARA;CE JOHENIR HENRIQUES VIEGAS
33006571;NOROESTE FLUMINENSE;ITAOCARA;CE JAIME QUEIROZ DE SOUZA
33099278;NOROESTE FLUMINENSE;ITAOCARA;CIEP 275 LENINE CORTES FALANTE
33001278;NOROESTE FLUMINENSE;ITAPERUNA;CE AGRICOLA PROFESSOR LUIZ PAULO RODRIGUES
33001286;NOROESTE FLUMINENSE;ITAPERUNA;CE DEZ DE MAIO
33001294;NOROESTE FLUMINENSE;ITAPERUNA;CE BUARQUE DE NAZARETH
33001316;NOROESTE FLUMINENSE;ITAPERUNA;CE LUIZ FERRAZ
33001332;NOROESTE FLUMINENSE;ITAPERUNA;CE ROMUALDO MONTEIRO DE BARROS
33001359;NOROESTE FLUMINENSE;ITAPERUNA;CE ROTARY
33001456;NOROESTE FLUMINENSE;ITAPERUNA;CE CHEQUER JORGE
33001650;NOROESTE FLUMINENSE;ITAPERUNA;CE LIONS CLUB
33002126;NOROESTE FLUMINENSE;ITAPERUNA;CE SENADOR SA TINOCO
33002258;NOROESTE FLUMINENSE;ITAPERUNA;CE NICOLAO BASTOS FILHO
33002312;NOROESTE FLUMINENSE;ITAPERUNA;CE DOUTOR JOSE BASTOS FRANCA
33002614;NOROESTE FLUMINENSE;ITAPERUNA;CE ETELVINA ALVES DA SILVA
33002827;NOROESTE FLUMINENSE;ITAPERUNA;CE JOSE GARCIA DE FREITAS
33093890;NOROESTE FLUMINENSE;ITAPERUNA;CIEP 263 DOUTOR JAIR DE SIQUEIRA BITTENCOURT
33093555;NOROESTE FLUMINENSE;LAJE DO MURIAÉ;CIEP 343 PROFESSORA EMILIA DINIZ LIGIERO
33006660;NOROESTE FLUMINENSE;MIRACEMA;IE DE MIRACEMA
33006679;NOROESTE FLUMINENSE;MIRACEMA;CE DEODATO LINHARES
33007101;NOROESTE FLUMINENSE;MIRACEMA;CE MANOEL RODRIGUES DE BARROS
33094063;NOROESTE FLUMINENSE;MIRACEMA;CIEP 267 MARIA APARECIDA LIMA SOUTO TOSTES
33183422;NOROESTE FLUMINENSE;MIRACEMA;CE PROFESSORA SONIA DO AMARAL TORRES
33003386;NOROESTE FLUMINENSE;NATIVIDADE;CIEP 468 OLGA THURLER MENDONÇA DA FONSECA
33003394;NOROESTE FLUMINENSE;NATIVIDADE;CE FLAVIO RIBEIRO DE REZENDE
33003424;NOROESTE FLUMINENSE;NATIVIDADE;CE FRANCISCO PORTELLA
33131163;NOROESTE FLUMINENSE;NATIVIDADE;CE CORONEL JOSÉ ROSA DA SILVA
33003858;NOROESTE FLUMINENSE;PORCIÚNCULA;CE JOSE DE LANNES DANTAS BRANDAO
33004129;NOROESTE FLUMINENSE;PORCIÚNCULA;CE GERALDINO SILVA
33004226;NOROESTE FLUMINENSE;PORCIÚNCULA;CE DEPUTADO CARLOS PINTO FILHO
33097216;NOROESTE FLUMINENSE;PORCIÚNCULA;IE ELIANA DUARTE DA SILVA BREIJAO
33007306;NOROESTE FLUMINENSE;SANTO ANTÔNIO DE PÁDUA;CE RUI GUIMARÃES DE ALMEIDA
33007403;NOROESTE FLUMINENSE;SANTO ANTÔNIO DE PÁDUA;CE ALMIRANTE BARÃO DE TEFFE
33007420;NOROESTE FLUMINENSE;SANTO ANTÔNIO DE PÁDUA;CE DOUTOR LEONEL HOMEM DA COSTA
33007900;NOROESTE FLUMINENSE;SANTO ANTÔNIO DE PÁDUA;CE TEMISTOCLES DE ALMEIDA
33142319;NOROESTE FLUMINENSE;SANTO ANTÔNIO DE PÁDUA;CE JOAO MAURICIO BRUM
33183775;NOROESTE FLUMINENSE;SANTO ANTÔNIO DE PÁDUA;CE SUBTENENTE PM CLAUDIO HENTZY FERREIRA
33518211;NOROESTE FLUMINENSE;SANTO ANTÔNIO DE PÁDUA;CE PEDRO BAPTISTA DE SOUZA
33005664;NOROESTE FLUMINENSE;SÃO JOSÉ DE UBÁ;CE MARIA LENY VIEIRA FERREIRA SILVA
33004447;NOROESTE FLUMINENSE;VARRE-SAI;CIEP MARLENE ABIB DE OLIVEIRA FABRI
33008272;NORTE FLUMINENSE;CAMPOS DOS GOYTACAZES;CIEP 056 DOUTOR CUSTODIO SIQUEIRA
33008299;NORTE FLUMINENSE;CAMPOS DOS GOYTACAZES;CIEP 057 DOUTOR NILO PEÇANHA
33008388;NORTE FLUMINENSE;CAMPOS DOS GOYTACAZES;CE BENTA PEREIRA
33008396;NORTE FLUMINENSE;CAMPOS DOS GOYTACAZES;CE CORONEL JOAO BATISTA DE PAULA BARROSO
33008418;NORTE FLUMINENSE;CAMPOS DOS GOYTACAZES;CE DOUTOR FELIX MIRANDA
33008434;NORTE FLUMINENSE;CAMPOS DOS GOYTACAZES;CE DOUTOR SYLVIO BASTOS TAVARES
33008442;NORTE FLUMINENSE;CAMPOS DOS GOYTACAZES;CE JOAO PESSOA
33008450;NORTE FLUMINENSE;CAMPOS DOS GOYTACAZES;CE JOSE DO PATROCINIO
33008485;NORTE FLUMINENSE;CAMPOS DOS GOYTACAZES;CE NILO PECANHA
33008493;NORTE FLUMINENSE;CAMPOS DOS GOYTACAZES;CE VISCONDE DO RIO BRANCO
33008663;NORTE FLUMINENSE;CAMPOS DOS GOYTACAZES;CE QUINZE DE NOVEMBRO
33008728;NORTE FLUMINENSE;CAMPOS DOS GOYTACAZES;CE CONSTANTINO FERNANDES
33008736;NORTE FLUMINENSE;CAMPOS DOS GOYTACAZES;CE DESEMBARGADOR ALVARO FERREIRA PINTO
33008752;NORTE FLUMINENSE;CAMPOS DOS GOYTACAZES;CE DOM OTAVIANO DE ALBUQUERQUE
33008795;NORTE FLUMINENSE;CAMPOS DOS GOYTACAZES;CE DOUTOR CESAR TINOCO
33008817;NORTE FLUMINENSE;CAMPOS DOS GOYTACAZES;CE DOUTOR JOAO MURILO CARNEIRO DE OLIVEIRA
33008841;NORTE FLUMINENSE;CAMPOS DOS GOYTACAZES;CE DOUTOR MAXIMO DE AZEVEDO
33008850;NORTE FLUMINENSE;CAMPOS DOS GOYTACAZES;CE DOUTOR PHILLIPPE UEBE
33008868;NORTE FLUMINENSE;CAMPOS DOS GOYTACAZES;CE DOUTOR THIERS CARDOSO
33008892;NORTE FLUMINENSE;CAMPOS DOS GOYTACAZES;CE GENERAL DUTRA
33008957;NORTE FLUMINENSE;CAMPOS DOS GOYTACAZES;EE JOAQUIM ATAYDE
33008981;NORTE FLUMINENSE;CAMPOS DOS GOYTACAZES;CE JOSE FRANCISCO SALES
33009007;NORTE FLUMINENSE;CAMPOS DOS GOYTACAZES;CE JULIAO NOGUEIRA
33009120;NORTE FLUMINENSE;CAMPOS DOS GOYTACAZES;CE ROTARY II - ENILDA BARRETO RANGEL
33010110;NORTE FLUMINENSE;CAMPOS DOS GOYTACAZES;LICEU DE HUMANIDADES DE CAMPOS
33010170;NORTE FLUMINENSE;CAMPOS DOS GOYTACAZES;CE NILO FERNANDES PEREIRA
33010269;NORTE FLUMINENSE;CAMPOS DOS GOYTACAZES;CE PAULO ROBERTO DUARTE DE MENDONCA
33010315;NORTE FLUMINENSE;CAMPOS DOS GOYTACAZES;CE NOTIVAL PEDRO MOLL
33010528;NORTE FLUMINENSE;CAMPOS DOS GOYTACAZES;CE THEOTONIO FERREIRA DE ARAUJO
33010650;NORTE FLUMINENSE;CAMPOS DOS GOYTACAZES;CE DOUTOR BARROS BARRETO
33010889;NORTE FLUMINENSE;CAMPOS DOS GOYTACAZES;CE DOUTOR JOSE PEREIRA PINTO
33011095;NORTE FLUMINENSE;CAMPOS DOS GOYTACAZES;CE MANOEL PEREIRA GONCALVES
33011311;NORTE FLUMINENSE;CAMPOS DOS GOYTACAZES;CE ESTEFANIA PEREIRA PINTO
33011400;NORTE FLUMINENSE;CAMPOS DOS GOYTACAZES;CE LEONCIO PEREIRA GOMES
33011427;NORTE FLUMINENSE;CAMPOS DOS GOYTACAZES;CE ATILANO CHRYSOSTOMO DE OLIVEIRA
33011435;NORTE FLUMINENSE;CAMPOS DOS GOYTACAZES;CE CORONEL FRANCISCO RIBEIRO DA MOTTA VASCONCELOS
33011460;NORTE FLUMINENSE;CAMPOS DOS GOYTACAZES;CE MARIA ISABEL RANGEL DE ARAUJO
33011621;NORTE FLUMINENSE;CAMPOS DOS GOYTACAZES;CE ALMIRANTE BARROSO
33011842;NORTE FLUMINENSE;CAMPOS DOS GOYTACAZES;CE NELSON PEREIRA REBEL
33012040;NORTE FLUMINENSE;CAMPOS DOS GOYTACAZES;CE ALCEBIADES SCHUARTZ
33012083;NORTE FLUMINENSE;CAMPOS DOS GOYTACAZES;CE PROFESSOR HERVAL DE SOUZA TAVARES
33093938;NORTE FLUMINENSE;CAMPOS DOS GOYTACAZES;CIEP 461 CLOVIS TAVARES
33093946;NORTE FLUMINENSE;CAMPOS DOS GOYTACAZES;CIEP 466 NINA ARUEIRA
33094128;NORTE FLUMINENSE;CAMPOS DOS GOYTACAZES;CIEP 270 PREFEITO JOSE ALVES DE AZEVEDO
33097003;NORTE FLUMINENSE;CAMPOS DOS GOYTACAZES;CIEP 462 NACAO GOITACA
33099111;NORTE FLUMINENSE;CAMPOS DOS GOYTACAZES;CIEP 463 JOÃO BORGES BARRETO
33099758;NORTE FLUMINENSE;CAMPOS DOS GOYTACAZES;CIEP 417 GINÁSIO PÚBLICO JOSÉ DO PATROCÍNIO
33100411;NORTE FLUMINENSE;CAMPOS DOS GOYTACAZES;CIEP 268 LUIZ CARLOS DE LACERDA
33016070;NORTE FLUMINENSE;CARAPEBUS;CE THOMAZ GOMES
33012121;NORTE FLUMINENSE;CARDOSO MOREIRA;CE BALTAZAR CARNEIRO
33098662;NORTE FLUMINENSE;CARDOSO MOREIRA;CIEP 464 ADMAR FERREIRA DE MEDEIROS
33014736;NORTE FLUMINENSE;CONCEIÇÃO DE MACABU;CIEP 271 JOSE BONIFACIO TASSARA
33014760;NORTE FLUMINENSE;CONCEIÇÃO DE MACABU;CE TOBIAS TOSTES MACHADO
33014809;NORTE FLUMINENSE;CONCEIÇÃO DE MACABU;CE ELSA BARBOSA DAUMAS
33014817;NORTE FLUMINENSE;CONCEIÇÃO DE MACABU;EE JOSE DE PAULA BARRETO
33014833;NORTE FLUMINENSE;CONCEIÇÃO DE MACABU;CE MARIA LOBO VIANA
33015090;NORTE FLUMINENSE;CONCEIÇÃO DE MACABU;CE BOCAINA
33015180;NORTE FLUMINENSE;MACAÉ;CE LUIZ REID
33015260;NORTE FLUMINENSE;MACAÉ;CE PRIMEIRO DE MAIO
33015279;NORTE FLUMINENSE;MACAÉ;CE TELIO BARRETO
33015295;NORTE FLUMINENSE;MACAÉ;CE IRENE MEIRELLES
33015309;NORTE FLUMINENSE;MACAÉ;CE JORNALISTA ALVARO BASTOS
33015317;NORTE FLUMINENSE;MACAÉ;CE MATIAS NETO
33015333;NORTE FLUMINENSE;MACAÉ;CE RACHEL REID PEREIRA DE SOUZA
33015341;NORTE FLUMINENSE;MACAÉ;CE VISCONDE DE ARAUJO
33015740;NORTE FLUMINENSE;MACAÉ;CE PROFESSORA VANILDE NATALINO MATTOS
33103119;NORTE FLUMINENSE;MACAÉ;CIEP 393 PREFEITO CARLOS EMIR MUSSI
33016550;NORTE FLUMINENSE;QUISSAMÃ;CE VISCONDE DE QUISSAMA
33025487;NORTE FLUMINENSE;RIO DAS OSTRAS;CE JACINTHO XAVIER MARTINS
33025525;NORTE FLUMINENSE;RIO DAS OSTRAS;CE CINAMOMO
33025576;NORTE FLUMINENSE;RIO DAS OSTRAS;CE ROCHA LEAO
33097437;NORTE FLUMINENSE;RIO DAS OSTRAS;CIEP 257 JOAQUIM DO REGO BARROS
33012393;NORTE FLUMINENSE;SÃO FIDÉLIS;CE DE SAO FIDELIS
33012407;NORTE FLUMINENSE;SÃO FIDÉLIS;CE MONTESE
33012458;NORTE FLUMINENSE;SÃO FIDÉLIS;CE BARAO DE MACAUBAS
33013160;NORTE FLUMINENSE;SÃO FIDÉLIS;CE ELVIDIO COSTA
33013322;NORTE FLUMINENSE;SÃO FIDÉLIS;CE GERAQUE COLET
33013772;NORTE FLUMINENSE;SÃO FRANCISCO DE ITABAPOANA;CE SAO FRANCISCO DE PAULA
33013802;NORTE FLUMINENSE;SÃO FRANCISCO DE ITABAPOANA;CE AGOSTINHO CHRYZANTO DE ARAUJO
33013837;NORTE FLUMINENSE;SÃO FRANCISCO DE ITABAPOANA;CE ERCILIA MUYLAERT DE MENEZES
33013918;NORTE FLUMINENSE;SÃO FRANCISCO DE ITABAPOANA;CE PEDRO CERQUEIRA
33014086;NORTE FLUMINENSE;SÃO FRANCISCO DE ITABAPOANA;CE ANA NUNES VIANA
33014116;NORTE FLUMINENSE;SÃO FRANCISCO DE ITABAPOANA;CE DOMIRES MACHADO
33014310;NORTE FLUMINENSE;SÃO FRANCISCO DE ITABAPOANA;CE JOAQUIM GOMES CRESPO
33095140;NORTE FLUMINENSE;SÃO FRANCISCO DE ITABAPOANA;CIEP 470 CELSO MARTINS CORDEIRO
33013497;NORTE FLUMINENSE;SÃO JOÃO DA BARRA;CE ALBERTO TORRES
33013535;NORTE FLUMINENSE;SÃO JOÃO DA BARRA;CE ADMARDO ALVES TORRES
33013551;NORTE FLUMINENSE;SÃO JOÃO DA BARRA;CE DOUTOR NEWTON ALVES
33013683;NORTE FLUMINENSE;SÃO JOÃO DA BARRA;CE RAIMUNDO DE MAGALHAES
33013691;NORTE FLUMINENSE;SÃO JOÃO DA BARRA;CE DOUTOR OLIMPIO SATURNINO DE BRITO
33014566;NORTE FLUMINENSE;SÃO JOÃO DA BARRA;CE JOÃO COELHO DA SILVA
33170185;NORTE FLUMINENSE;SÃO JOÃO DA BARRA;CE CHRISANTO HENRIQUE DE SOUZA
33016836;SERRANA I;AREAL;CE MARIANO PROCOPIO
33183716;SERRANA I;AREAL;CE CABO PM ELISÂNGELA BESSA CORDEIRO
33017000;SERRANA I;COMENDADOR LEVY GASPARIAN;CE CORONEL ANTONIO PECANHA
33051097;SERRANA I;GUAPIMIRIM;CE ALCINDO GUANABARA
33051100;SERRANA I;GUAPIMIRIM;CE PROFESSORA ALVINA VALERIO DA SILVA
33051127;SERRANA I;GUAPIMIRIM;CE CORTUME CARIOCA
33051070;SERRANA I;MAGÉ;CIEP 444 ISRAEL JACOB AVERBACK
33052786;SERRANA I;MAGÉ;CIEP 128 MAGEPE MIRIM
33052808;SERRANA I;MAGÉ;CEI AGROECOLOGICO BARAO DE LANGSDORFF
33052816;SERRANA I;MAGÉ;CE DE MAGE
33052891;SERRANA I;MAGÉ;CE PROFESSORA SONIA MARIA PIEDADE DE MOURA
33052913;SERRANA I;MAGÉ;CE SAO FRANCISCO DE ASSIS
33052930;SERRANA I;MAGÉ;CE VISCONDE DE SEPETIBA
33053162;SERRANA I;MAGÉ;CE MAUA
33053189;SERRANA I;MAGÉ;CE OSWALDO CRUZ
33053340;SERRANA I;MAGÉ;CIEP 441 MANÉ GARRINCHA
33053359;SERRANA I;MAGÉ;CIEP 127 FREI ACURSIO ALOISIO GONZAGA BOLWER
33053383;SERRANA I;MAGÉ;CE JOSE VERISSIMO
33053391;SERRANA I;MAGÉ;CE PROFESSOR ALFREDO BALTHAZAR DA SILVEIRA
33053413;SERRANA I;MAGÉ;CE PROFESSORA ALDA BERNARDO DOS SANTOS TAVARES
33053693;SERRANA I;MAGÉ;CE JOAQUIM LEITAO
33053715;SERRANA I;MAGÉ;CE PROFESSORA RUTH TALDO FRANCA
33053766;SERRANA I;MAGÉ;CIEP 327 PEDRO AMERICO
33053774;SERRANA I;MAGÉ;CE CORONEL SERGIO JOSE DO AMARAL
33125325;SERRANA I;MAGÉ;CIEP 260 BARBOSA PORTO - BRASIL-CHILE
33040087;SERRANA I;PETRÓPOLIS;CIEP 038 SANTOS DUMONT - BRASIL-ALEMANHA
33040125;SERRANA I;PETRÓPOLIS;CE DOM PEDRO II
33040141;SERRANA I;PETRÓPOLIS;CE PRINCESA ISABEL
33040150;SERRANA I;PETRÓPOLIS;CE RUI BARBOSA
33040400;SERRANA I;PETRÓPOLIS;CE CARDOSO FONTES
33041210;SERRANA I;PETRÓPOLIS;CIEP 137 CECILIA MEIRELES
33041253;SERRANA I;PETRÓPOLIS;CE IRMA CECILIA JARDIM
33041326;SERRANA I;PETRÓPOLIS;CE DE ARARAS
33041628;SERRANA I;PETRÓPOLIS;CIEP 472 CANDIDO PORTINARI
33041776;SERRANA I;PETRÓPOLIS;CE EMBAIXADOR JOSE BONIFACIO
33041946;SERRANA I;PETRÓPOLIS;CIEP 281 GABRIELA MISTRAL
33042047;SERRANA I;SÃO JOSÉ DO VALE DO RIO PRETO;CE CORONEL JOAO LIMONGI
33017786;SERRANA I;SAPUCAIA;CE MAURICIO DE ABREU
33017930;SERRANA I;SAPUCAIA;CE REPUBLICA DO LIBANO
33018073;SERRANA I;SAPUCAIA;CE PAULINO FERNANDES
33018197;SERRANA I;SAPUCAIA;CE PROFESSORA MARIA APARECIDA BASTOS
33097950;SERRANA I;SAPUCAIA;CIEP 285 LUIZ JOSE DAFLON GOMES
33042519;SERRANA I;TERESÓPOLIS;CE EDMUNDO BITTENCOURT
33042527;SERRANA I;TERESÓPOLIS;CE EUCLYDES DA CUNHA
33042543;SERRANA I;TERESÓPOLIS;CE PRESIDENTE BERNARDES
33042667;SERRANA I;TERESÓPOLIS;CE CAMPOS SALLES
33042683;SERRANA I;TERESÓPOLIS;CE FANY NISKIER
33042705;SERRANA I;TERESÓPOLIS;CE HIGINO DA SILVEIRA
33042730;SERRANA I;TERESÓPOLIS;CE LIONS CLUB
33043132;SERRANA I;TERESÓPOLIS;CIA JOSE FRANCISCO LIPPI
33018286;SERRANA I;TRÊS RIOS;CIEP 456 PROFESSOR MARCOS COSTA REIS DUTRA
33018332;SERRANA I;TRÊS RIOS;CE DOUTOR VALMIR PECANHA
33018340;SERRANA I;TRÊS RIOS;CE MOACYR PADILHA
33018359;SERRANA I;TRÊS RIOS;CE PROFESSOR KOPKE
33018367;SERRANA I;TRÊS RIOS;CE ROBERTO COELHO PEDROSO
33018405;SERRANA I;TRÊS RIOS;CE CONDESSA DO RIO NOVO
33018430;SERRANA I;TRÊS RIOS;CE URBANO CARLOS DE ALMEIDA
33018650;SERRANA I;TRÊS RIOS;IE PROFESSOR JOEL MONNERAT
33175314;SERRANA I;TRÊS RIOS;CE GUILHERMINA GUINLE
33183791;SERRANA I;TRÊS RIOS;CE CABO BM FLÁVIO UANDERSON RODRIGUES DE FREITAS
33020540;SERRANA II;BOM JARDIM;CIEP 322 MOZART CUNHA GUIMARAES
33020558;SERRANA II;BOM JARDIM;CE RAMIRO BRAGA
33020710;SERRANA II;BOM JARDIM;CE DOUTOR PERICLES CORREA DA ROCHA
33020779;SERRANA II;BOM JARDIM;CE LEOPOLDO OSCAR STUTZ
33020957;SERRANA II;BOM JARDIM;CE PROFESSOR JOAO BRASIL
33043515;SERRANA II;CACHOEIRAS DE MACACU;CIEP 140 MÁRIO CESAR GOMES DA SILVA
33043523;SERRANA II;CACHOEIRAS DE MACACU;CE MARIA ZULMIRA TORRES
33043612;SERRANA II;CACHOEIRAS DE MACACU;CE QUINTINO BOCAIUVA
33043655;SERRANA II;CACHOEIRAS DE MACACU;CIEP 479 DOUTOR MARIO SIMAO ASSAF
33043736;SERRANA II;CACHOEIRAS DE MACACU;CIEP 353 BROCHADO DA ROCHA
33043752;SERRANA II;CACHOEIRAS DE MACACU;CE BACCOPARO MARTINS
33043760;SERRANA II;CACHOEIRAS DE MACACU;CE SOL NASCENTE
33043779;SERRANA II;CACHOEIRAS DE MACACU;CE MARIA VERALBA FERRAZ
33044147;SERRANA II;CACHOEIRAS DE MACACU;CE SAO JOSE
33018804;SERRANA II;CANTAGALO;CIEP 277 JOÃO NICOLÁO FILHO - JANJÃO
33018820;SERRANA II;CANTAGALO;CE MARIA ZULMIRA TORRES
33019223;SERRANA II;CANTAGALO;CE JOAO DE ABREU JUNIOR
33019290;SERRANA II;CANTAGALO;CE CONDE DE NOVA FRIBURGO
33019428;SERRANA II;CANTAGALO;CE DOUTOR FRANCISCO LEITE TEIXEIRA
33019673;SERRANA II;CARMO;CIEP 280 PROFESSOR VASCO FERNANDES DA SILVA PORTO
33019681;SERRANA II;CARMO;CE PROFESSOR AURELIO DUARTE
33019789;SERRANA II;CARMO;CE FRANCISCO VARELLA
33019800;SERRANA II;CARMO;CE INDEPENDENCIA
33183740;SERRANA II;CARMO;CE 1º SARGENTO BM LUIZ CARLOS GONÇALVES FISCHER
33025100;SERRANA II;CASIMIRO DE ABREU;CE CASIMIRO DE ABREU
33025150;SERRANA II;CASIMIRO DE ABREU;CE PROFESSOR SOUZA
33025320;SERRANA II;CASIMIRO DE ABREU;CE BARRA DE SAO JOAO
33025355;SERRANA II;CASIMIRO DE ABREU;CE RIO DOURADO
33025363;SERRANA II;CASIMIRO DE ABREU;CE SANTA MARIA
33094330;SERRANA II;CASIMIRO DE ABREU;CE INDAIAÇU
33020116;SERRANA II;CORDEIRO;CIEP 145 DOUTOR OSWALDO CRUZ
33020140;SERRANA II;CORDEIRO;CE ANTONIO PECLY
33020205;SERRANA II;CORDEIRO;CE CONSTANCA SOARES TEIXEIRA
33020213;SERRANA II;CORDEIRO;IE INOCÊNCIO DE ANDRADE
33183732;SERRANA II;CORDEIRO;CE 2º TENENTE BM SÉRGIO RODRIGUES DA SILVA
33021082;SERRANA II;DUAS BARRAS;CE ALMIRANTE PROTOGENES
33021236;SERRANA II;DUAS BARRAS;CE MARIA ROSA TEIXEIRA
33142351;SERRANA II;DUAS BARRAS;CIEP 511 ALAIDE ARAUJO STORCK MELLOR MARQUES
33020396;SERRANA II;MACUCO;CE JOSE CARLOS BOARETTO
33020434;SERRANA II;MACUCO;CE FARMACEUTICO RODOLFO ALBINO
33021694;SERRANA II;NOVA FRIBURGO;CE CANADA
33021708;SERRANA II;NOVA FRIBURGO;CE PROFESSOR JAMIL EL JAICK
33021813;SERRANA II;NOVA FRIBURGO;CE AUGUSTO SPINELLI
33021830;SERRANA II;NOVA FRIBURGO;CE DOUTOR GALDINO DO VALLE FILHO
33021848;SERRANA II;NOVA FRIBURGO;CE DOUTOR JOAO BAZET
33021864;SERRANA II;NOVA FRIBURGO;CE DOUTOR TUFFY EL JAICK
33021880;SERRANA II;NOVA FRIBURGO;CE ETELVINA SCHOTTZ
33021902;SERRANA II;NOVA FRIBURGO;CE JULIO SALUSSE
33021929;SERRANA II;NOVA FRIBURGO;EE MARCILIO DIAS
33021937;SERRANA II;NOVA FRIBURGO;CE PADRE FRANCA
33021945;SERRANA II;NOVA FRIBURGO;CE PADRE MADUREIRA
33021961;SERRANA II;NOVA FRIBURGO;CE PROFESSOR CARLOS CORTES
33022003;SERRANA II;NOVA FRIBURGO;CE PROFESSORA ZELIA DOS SANTOS CORTES
33022011;SERRANA II;NOVA FRIBURGO;CE SALUSTIANO JOSE RIBEIRO SERAFIM
33022275;SERRANA II;NOVA FRIBURGO;IE DE NOVA FRIBURGO
33022569;SERRANA II;NOVA FRIBURGO;CE EDUARDO BREDER
33022810;SERRANA II;NOVA FRIBURGO;CE DOUTOR VICENTE DE MORAES
33022968;SERRANA II;NOVA FRIBURGO;CE CARLOS MARIA MARCHON
33023212;SERRANA II;NOVA FRIBURGO;CE EMILIA ROSCHEMANT
33023298;SERRANA II;NOVA FRIBURGO;CE JOSE MARTINS DA COSTA
33102090;SERRANA II;NOVA FRIBURGO;CE DOUTOR FELICIANO COSTA
33102791;SERRANA II;NOVA FRIBURGO;CENTRO FAMILIAR DE FORMAÇÃO POR ALTERNANCIA COLEGIO ESTADUAL AGRICOLA REI ALBERTO I
33105022;SERRANA II;NOVA FRIBURGO;CIEP 480 PROFESSOR LUIZ CARLOS VERONESE
33173346;SERRANA II;NOVA FRIBURGO;CE RAPHAEL LUIZ DE SIQUEIRA JACCOUD
33023751;SERRANA II;SANTA MARIA MADALENA;CE BARAO DE SANTA MARIA MADALENA
33024480;SERRANA II;SÃO SEBASTIÃO DO ALTO;CE JOSE CARDOSO DE MORAES
33024537;SERRANA II;SÃO SEBASTIÃO DO ALTO;CE JANUARIO DE TOLEDO PIZZA
33093989;SERRANA II;SÃO SEBASTIÃO DO ALTO;CIEP 274 MARIA AMELIA DAFLON FERRO
33025754;SERRANA II;SILVA JARDIM;CE SERVULO MELO
33025835;SERRANA II;SILVA JARDIM;CE SAO SEBASTIAO
33023310;SERRANA II;SUMIDOURO;CIEP 283 MARIA AMELIA PACHECO
33149178;SERRANA II;SUMIDOURO;CE CAMPINAS II
33024650;SERRANA II;TRAJANO DE MORAES;CE MARIA MARINA PINTO SILVA
33024880;SERRANA II;TRAJANO DE MORAES;CE JOSE DE MORAES SOUZA
33024952;SERRANA II;TRAJANO DE MORAES;CE JOAO DE MORAES MARTINS
33025010;SERRANA II;TRAJANO DE MORAES;EE HONESTALDA DE MORAES MARTINS
33100608;SERRANA II;TRAJANO DE MORAES;CIEP 279 PROFESSORA GUIOMAR GONCALVES NEVES
33036594;SUL FLUMINENSE;ANGRA DOS REIS;CE NAZIRA SALOMAO
33036632;SUL FLUMINENSE;ANGRA DOS REIS;CIEP 055 JOAO GREGORIO GALINDO
33036640;SUL FLUMINENSE;ANGRA DOS REIS;CE DOUTOR ARTUR VARGAS
33036691;SUL FLUMINENSE;ANGRA DOS REIS;CE CONDE PEREIRA CARNEIRO
33036713;SUL FLUMINENSE;ANGRA DOS REIS;CE HONORIO LIMA
33037027;SUL FLUMINENSE;ANGRA DOS REIS;CE ANTONIO DIAS LIMA
33037230;SUL FLUMINENSE;ANGRA DOS REIS;CE LEOPOLDO AMERICO M DE MELLO
33037337;SUL FLUMINENSE;ANGRA DOS REIS;CE ROBERTO MONTENEGRO
33098018;SUL FLUMINENSE;ANGRA DOS REIS;CIE GUARANI KARAI KUERY RENDA
33098077;SUL FLUMINENSE;ANGRA DOS REIS;CIEP 302 CHARLES DICKENS
33098085;SUL FLUMINENSE;ANGRA DOS REIS;CIEP 495 ALBERTO DA VEIGA GUIGNARD
33125449;SUL FLUMINENSE;ANGRA DOS REIS;CE BRIGADEIRO NOBREGA
33135860;SUL FLUMINENSE;ANGRA DOS REIS;CE PEDRO SOARES
33029342;SUL FLUMINENSE;BARRA MANSA;CE BALDOMERO BARBARA
33029369;SUL FLUMINENSE;BARRA MANSA;CE BARAO DE AIURUOCA
33029377;SUL FLUMINENSE;BARRA MANSA;CE BOA VISTA
33029385;SUL FLUMINENSE;BARRA MANSA;CE COMENDADOR PEREIRA IGNACIO
33029407;SUL FLUMINENSE;BARRA MANSA;CE IRACEMA LEITE NADER
33029660;SUL FLUMINENSE;BARRA MANSA;CE JAYME SILVESTRE CAMARGO
33029679;SUL FLUMINENSE;BARRA MANSA;CE PROFESSOR LUIZ GONZAGA DE MATTOS
33029717;SUL FLUMINENSE;BARRA MANSA;CE SAO PEDRO
33030170;SUL FLUMINENSE;BARRA MANSA;CE VILA MARIA
33030189;SUL FLUMINENSE;BARRA MANSA;CE ROSELANDIA
33030286;SUL FLUMINENSE;BARRA MANSA;CE MARECHAL FLORIANO PEIXOTO
33030359;SUL FLUMINENSE;BARRA MANSA;CE NOSSA SENHORA DO AMPARO
33096830;SUL FLUMINENSE;BARRA MANSA;CIEP 486 PROFESSOR LUIZ VALLEJO
33096856;SUL FLUMINENSE;BARRA MANSA;CIEP 493 PROFESSORA ANTONIETA SALINAS DE CASTRO
33096864;SUL FLUMINENSE;BARRA MANSA;CIEP 485 PROFESSOR JOAO BATISTA DE BARROS
33096880;SUL FLUMINENSE;BARRA MANSA;CIEP 292 PROFESSORA JANDIRA REIS DE OLIVEIRA
33030456;SUL FLUMINENSE;ITATIAIA;CIEP 488 EZEQUIEL FREIRE
33045844;SUL FLUMINENSE;MANGARATIBA;CE JOAO PAULO II
33046174;SUL FLUMINENSE;MANGARATIBA;CE MONTEBELLO BONDIM
33166412;SUL FLUMINENSE;MANGARATIBA;CE CAETANO DE OLIVEIRA
33170169;SUL FLUMINENSE;MANGARATIBA;CE HERMINIA DE OLIVEIRA MATTOS
33037515;SUL FLUMINENSE;PARATY;CIEP 999 DOM PEDRO D'ALCANTARA DE BRAGANCA, PRIMEIRO IMPERADOR DO BRASIL
33037523;SUL FLUMINENSE;PARATY;CE ENGENHEIRO MARIO MOURA BRASIL DO AMARAL
33037965;SUL FLUMINENSE;PARATY;CE ALMIRANTE ALVARO ALBERTO
33135720;SUL FLUMINENSE;PARATY;CIE GUARANI TAVÁ MIRIM
33030987;SUL FLUMINENSE;PINHEIRAL;CIEP 291 DOM MARTINHO SCHLUDE
33097941;SUL FLUMINENSE;PINHEIRAL;CE CELIO BARBOSA ANCHITE
33030626;SUL FLUMINENSE;PIRAÍ;CE AFFONSINA MAZZILLO TEIXEIRA CAMPOS
33030901;SUL FLUMINENSE;PIRAÍ;CE OCTÁVIO TEIXEIRA CAMPOS
33031142;SUL FLUMINENSE;PIRAÍ;CE CORONEL CAMISAO
33032130;SUL FLUMINENSE;PORTO REAL;CE REPÚBLICA ITALIANA
33031185;SUL FLUMINENSE;QUATIS;CE AMERICO PIMENTA
33031380;SUL FLUMINENSE;RESENDE;CE ANTONINA RAMOS FREIRE
33031401;SUL FLUMINENSE;RESENDE;CE PEDRO BRAILE NETO
33031428;SUL FLUMINENSE;RESENDE;CE MARECHAL SOUZA DANTAS
33031479;SUL FLUMINENSE;RESENDE;CE DOUTOR JOÃO MAIA
33031509;SUL FLUMINENSE;RESENDE;CE OLIVEIRA BOTELHO
33031711;SUL FLUMINENSE;RESENDE;CE ANÍBAL BENÉVOLO
33031720;SUL FLUMINENSE;RESENDE;CE OLAVO BILAC
33031738;SUL FLUMINENSE;RESENDE;CE PROFESSOR JOSÉ MEDEIROS DE CAMARGO
33031843;SUL FLUMINENSE;RESENDE;CE ENGENHEIRO PASSOS
33097798;SUL FLUMINENSE;RESENDE;CIEP 347 DOUTOR JORGE MIGUEL JAYME
33115001;SUL FLUMINENSE;RESENDE;CE ANTÔNIO QUIRINO
33032220;SUL FLUMINENSE;RIO CLARO;CE FAGUNDES VARELA
33032360;SUL FLUMINENSE;RIO CLARO;CIEP 296 PRESIDENTE BENES
33032459;SUL FLUMINENSE;RIO CLARO;CE ALFREDO PUJOL
33032718;SUL FLUMINENSE;VOLTA REDONDA;CIEP 299 JIULIO CARUSO
33032734;SUL FLUMINENSE;VOLTA REDONDA;CIEP 053 DOUTOR NELSON DOS SANTOS GONÇALVES
33032742;SUL FLUMINENSE;VOLTA REDONDA;CIEP 295 PROFESSORA GLORIA ROUSSIM GUEDES PINTO
33032793;SUL FLUMINENSE;VOLTA REDONDA;CE BARÃO DE MAUÁ
33032807;SUL FLUMINENSE;VOLTA REDONDA;CE PIAUÍ - BRASIL-FRANÇA
33032815;SUL FLUMINENSE;VOLTA REDONDA;CE PREFEITO FRANCISCO FONTES TORRES
33032823;SUL FLUMINENSE;VOLTA REDONDA;CE RIO DE JANEIRO
33032939;SUL FLUMINENSE;VOLTA REDONDA;CE SANTOS DUMONT
33032998;SUL FLUMINENSE;VOLTA REDONDA;CE ACACIA AMARELA
33033030;SUL FLUMINENSE;VOLTA REDONDA;CE BRASÍLIA
33033056;SUL FLUMINENSE;VOLTA REDONDA;CE GUANABARA
33033099;SUL FLUMINENSE;VOLTA REDONDA;CE NITERÓI
33033110;SUL FLUMINENSE;VOLTA REDONDA;CE PEDRO RAYMUNDO DE MAGALHÃES
33033129;SUL FLUMINENSE;VOLTA REDONDA;CE PRESIDENTE ROOSEVELT
33033145;SUL FLUMINENSE;VOLTA REDONDA;CE RIO GRANDE DO NORTE
33033170;SUL FLUMINENSE;VOLTA REDONDA;CE RIO GRANDE DO SUL
33033188;SUL FLUMINENSE;VOLTA REDONDA;CE RONDONIA
33033196;SUL FLUMINENSE;VOLTA REDONDA;CE ROTARY
33033200;SUL FLUMINENSE;VOLTA REDONDA;CE SÃO PAULO
33033978;SUL FLUMINENSE;VOLTA REDONDA;CIEP 484 GINÁSIO PÚBLICO TONINHO MARQUES
33033994;SUL FLUMINENSE;VOLTA REDONDA;IE PROFESSOR MANUEL MARINHO
33103097;SUL FLUMINENSE;VOLTA REDONDA;CIEP 403 MARIA DE LOURDES GIOVANETTI CÍVICO MILITAR
33117675;SUL FLUMINENSE;VOLTA REDONDA;CIESP DIOGO LEVENHAGEN
33156883;SUL FLUMINENSE;VOLTA REDONDA;CE GECY VIEIRA GONCALVES
33156999;SUL FLUMINENSE;VOLTA REDONDA;CIEP 293 WALMIR DE FREITAS MONTEIRO
;;;
;;;
